#group,false,false,true,true,false,false,true,true
#datatype,string,long,dateTime:RFC3339,dateTime:RFC3339,dateTime:RFC3339,double,string,string
#default,mean,,,,,,,
,result,table,_start,_stop,_time,_value,_field,_measurement
,,0,2025-07-14T21:52:39Z,2025-07-20T21:52:39Z,2025-07-14T22:00:00Z,18,power,influxdb-JWN-D8
,,0,2025-07-14T21:52:39Z,2025-07-20T21:52:39Z,2025-07-14T22:15:00Z,18,power,influxdb-JWN-D8
,,0,2025-07-14T21:52:39Z,2025-07-20T21:52:39Z,2025-07-14T22:30:00Z,17,power,influxdb-JWN-D8
,,0,2025-07-14T21:52:39Z,2025-07-20T21:52:39Z,2025-07-14T22:45:00Z,16,power,influxdb-JWN-D8
,,0,2025-07-14T21:52:39Z,2025-07-20T21:52:39Z,2025-07-14T23:00:00Z,18,power,influxdb-JWN-D8
,,0,2025-07-14T21:52:39Z,2025-07-20T21:52:39Z,2025-07-14T23:15:00Z,18,power,influxdb-JWN-D8
,,0,2025-07-14T21:52:39Z,2025-07-20T21:52:39Z,2025-07-14T23:30:00Z,17,power,influxdb-JWN-D8
,,0,2025-07-14T21:52:39Z,2025-07-20T21:52:39Z,2025-07-14T23:45:00Z,17,power,influxdb-JWN-D8
,,0,2025-07-14T21:52:39Z,2025-07-20T21:52:39Z,2025-07-15T00:00:00Z,17,power,influxdb-JWN-D8
,,0,2025-07-14T21:52:39Z,2025-07-20T21:52:39Z,2025-07-15T00:15:00Z,17,power,influxdb-JWN-D8
,,0,2025-07-14T21:52:39Z,2025-07-20T21:52:39Z,2025-07-15T00:30:00Z,17,power,influxdb-JWN-D8
,,0,2025-07-14T21:52:39Z,2025-07-20T21:52:39Z,2025-07-15T00:45:00Z,16,power,influxdb-JWN-D8
,,0,2025-07-14T21:52:39Z,2025-07-20T21:52:39Z,2025-07-15T01:00:00Z,17,power,influxdb-JWN-D8
,,0,2025-07-14T21:52:39Z,2025-07-20T21:52:39Z,2025-07-15T01:15:00Z,17,power,influxdb-JWN-D8
,,0,2025-07-14T21:52:39Z,2025-07-20T21:52:39Z,2025-07-15T01:30:00Z,17,power,influxdb-JWN-D8
,,0,2025-07-14T21:52:39Z,2025-07-20T21:52:39Z,2025-07-15T01:45:00Z,18,power,influxdb-JWN-D8
,,0,2025-07-14T21:52:39Z,2025-07-20T21:52:39Z,2025-07-15T02:00:00Z,17,power,influxdb-JWN-D8
,,0,2025-07-14T21:52:39Z,2025-07-20T21:52:39Z,2025-07-15T02:15:00Z,18,power,influxdb-JWN-D8
,,0,2025-07-14T21:52:39Z,2025-07-20T21:52:39Z,2025-07-15T02:30:00Z,17,power,influxdb-JWN-D8
,,0,2025-07-14T21:52:39Z,2025-07-20T21:52:39Z,2025-07-15T02:45:00Z,18,power,influxdb-JWN-D8
,,0,2025-07-14T21:52:39Z,2025-07-20T21:52:39Z,2025-07-15T03:00:00Z,16,power,influxdb-JWN-D8
,,0,2025-07-14T21:52:39Z,2025-07-20T21:52:39Z,2025-07-15T03:15:00Z,17,power,influxdb-JWN-D8
,,0,2025-07-14T21:52:39Z,2025-07-20T21:52:39Z,2025-07-15T03:30:00Z,17,power,influxdb-JWN-D8
,,0,2025-07-14T21:52:39Z,2025-07-20T21:52:39Z,2025-07-15T03:45:00Z,19,power,influxdb-JWN-D8
,,0,2025-07-14T21:52:39Z,2025-07-20T21:52:39Z,2025-07-15T04:00:00Z,17,power,influxdb-JWN-D8
,,0,2025-07-14T21:52:39Z,2025-07-20T21:52:39Z,2025-07-15T04:15:00Z,17,power,influxdb-JWN-D8
,,0,2025-07-14T21:52:39Z,2025-07-20T21:52:39Z,2025-07-15T04:45:00Z,17,power,influxdb-JWN-D8
,,0,2025-07-14T21:52:39Z,2025-07-20T21:52:39Z,2025-07-15T05:00:00Z,17,power,influxdb-JWN-D8
,,0,2025-07-14T21:52:39Z,2025-07-20T21:52:39Z,2025-07-15T05:15:00Z,17,power,influxdb-JWN-D8
,,0,2025-07-14T21:52:39Z,2025-07-20T21:52:39Z,2025-07-15T05:30:00Z,17,power,influxdb-JWN-D8
,,0,2025-07-14T21:52:39Z,2025-07-20T21:52:39Z,2025-07-15T05:45:00Z,18,power,influxdb-JWN-D8
,,0,2025-07-14T21:52:39Z,2025-07-20T21:52:39Z,2025-07-15T06:00:00Z,16,power,influxdb-JWN-D8
,,0,2025-07-14T21:52:39Z,2025-07-20T21:52:39Z,2025-07-15T06:15:00Z,17,power,influxdb-JWN-D8
,,0,2025-07-14T21:52:39Z,2025-07-20T21:52:39Z,2025-07-15T06:30:00Z,18,power,influxdb-JWN-D8
,,0,2025-07-14T21:52:39Z,2025-07-20T21:52:39Z,2025-07-15T06:45:00Z,17,power,influxdb-JWN-D8
,,0,2025-07-14T21:52:39Z,2025-07-20T21:52:39Z,2025-07-15T07:00:00Z,18,power,influxdb-JWN-D8
,,0,2025-07-14T21:52:39Z,2025-07-20T21:52:39Z,2025-07-15T07:15:00Z,17,power,influxdb-JWN-D8
,,0,2025-07-14T21:52:39Z,2025-07-20T21:52:39Z,2025-07-15T07:30:00Z,16,power,influxdb-JWN-D8
,,0,2025-07-14T21:52:39Z,2025-07-20T21:52:39Z,2025-07-15T07:45:00Z,17,power,influxdb-JWN-D8
,,0,2025-07-14T21:52:39Z,2025-07-20T21:52:39Z,2025-07-15T08:00:00Z,17,power,influxdb-JWN-D8
,,0,2025-07-14T21:52:39Z,2025-07-20T21:52:39Z,2025-07-15T08:15:00Z,17,power,influxdb-JWN-D8
,,0,2025-07-14T21:52:39Z,2025-07-20T21:52:39Z,2025-07-15T08:30:00Z,74,power,influxdb-JWN-D8
,,0,2025-07-14T21:52:39Z,2025-07-20T21:52:39Z,2025-07-15T08:45:00Z,62,power,influxdb-JWN-D8
,,0,2025-07-14T21:52:39Z,2025-07-20T21:52:39Z,2025-07-15T09:00:00Z,58,power,influxdb-JWN-D8
,,0,2025-07-14T21:52:39Z,2025-07-20T21:52:39Z,2025-07-15T09:15:00Z,53,power,influxdb-JWN-D8
,,0,2025-07-14T21:52:39Z,2025-07-20T21:52:39Z,2025-07-15T09:30:00Z,51,power,influxdb-JWN-D8
,,0,2025-07-14T21:52:39Z,2025-07-20T21:52:39Z,2025-07-15T09:45:00Z,62,power,influxdb-JWN-D8
,,0,2025-07-14T21:52:39Z,2025-07-20T21:52:39Z,2025-07-15T10:00:00Z,56,power,influxdb-JWN-D8
,,0,2025-07-14T21:52:39Z,2025-07-20T21:52:39Z,2025-07-15T10:15:00Z,54,power,influxdb-JWN-D8
,,0,2025-07-14T21:52:39Z,2025-07-20T21:52:39Z,2025-07-15T10:30:00Z,59,power,influxdb-JWN-D8
,,0,2025-07-14T21:52:39Z,2025-07-20T21:52:39Z,2025-07-15T10:45:00Z,51,power,influxdb-JWN-D8
,,0,2025-07-14T21:52:39Z,2025-07-20T21:52:39Z,2025-07-15T11:15:00Z,40,power,influxdb-JWN-D8
,,0,2025-07-14T21:52:39Z,2025-07-20T21:52:39Z,2025-07-15T11:30:00Z,39,power,influxdb-JWN-D8
,,0,2025-07-14T21:52:39Z,2025-07-20T21:52:39Z,2025-07-15T11:45:00Z,38,power,influxdb-JWN-D8
,,0,2025-07-14T21:52:39Z,2025-07-20T21:52:39Z,2025-07-15T12:00:00Z,52,power,influxdb-JWN-D8
,,0,2025-07-14T21:52:39Z,2025-07-20T21:52:39Z,2025-07-15T12:15:00Z,50,power,influxdb-JWN-D8
,,0,2025-07-14T21:52:39Z,2025-07-20T21:52:39Z,2025-07-15T12:30:00Z,39,power,influxdb-JWN-D8
,,0,2025-07-14T21:52:39Z,2025-07-20T21:52:39Z,2025-07-15T13:15:00Z,54,power,influxdb-JWN-D8
,,0,2025-07-14T21:52:39Z,2025-07-20T21:52:39Z,2025-07-15T13:30:00Z,53,power,influxdb-JWN-D8
,,0,2025-07-14T21:52:39Z,2025-07-20T21:52:39Z,2025-07-15T14:00:00Z,52,power,influxdb-JWN-D8
,,0,2025-07-14T21:52:39Z,2025-07-20T21:52:39Z,2025-07-15T14:30:00Z,37,power,influxdb-JWN-D8
,,0,2025-07-14T21:52:39Z,2025-07-20T21:52:39Z,2025-07-15T14:45:00Z,64,power,influxdb-JWN-D8
,,0,2025-07-14T21:52:39Z,2025-07-20T21:52:39Z,2025-07-15T15:00:00Z,51,power,influxdb-JWN-D8
,,0,2025-07-14T21:52:39Z,2025-07-20T21:52:39Z,2025-07-15T15:15:00Z,54,power,influxdb-JWN-D8
,,0,2025-07-14T21:52:39Z,2025-07-20T21:52:39Z,2025-07-15T15:30:00Z,54,power,influxdb-JWN-D8
,,0,2025-07-14T21:52:39Z,2025-07-20T21:52:39Z,2025-07-15T15:45:00Z,17,power,influxdb-JWN-D8
,,0,2025-07-14T21:52:39Z,2025-07-20T21:52:39Z,2025-07-15T16:00:00Z,16,power,influxdb-JWN-D8
,,0,2025-07-14T21:52:39Z,2025-07-20T21:52:39Z,2025-07-15T16:30:00Z,17,power,influxdb-JWN-D8
,,0,2025-07-14T21:52:39Z,2025-07-20T21:52:39Z,2025-07-15T17:30:00Z,17,power,influxdb-JWN-D8
,,0,2025-07-14T21:52:39Z,2025-07-20T21:52:39Z,2025-07-15T17:45:00Z,18,power,influxdb-JWN-D8
,,0,2025-07-14T21:52:39Z,2025-07-20T21:52:39Z,2025-07-15T18:00:00Z,18,power,influxdb-JWN-D8
,,0,2025-07-14T21:52:39Z,2025-07-20T21:52:39Z,2025-07-15T18:15:00Z,17,power,influxdb-JWN-D8
,,0,2025-07-14T21:52:39Z,2025-07-20T21:52:39Z,2025-07-15T18:30:00Z,17,power,influxdb-JWN-D8
,,0,2025-07-14T21:52:39Z,2025-07-20T21:52:39Z,2025-07-15T19:00:00Z,17,power,influxdb-JWN-D8
,,0,2025-07-14T21:52:39Z,2025-07-20T21:52:39Z,2025-07-15T19:15:00Z,17,power,influxdb-JWN-D8
,,0,2025-07-14T21:52:39Z,2025-07-20T21:52:39Z,2025-07-15T19:30:00Z,18,power,influxdb-JWN-D8
,,0,2025-07-14T21:52:39Z,2025-07-20T21:52:39Z,2025-07-15T19:45:00Z,18,power,influxdb-JWN-D8
,,0,2025-07-14T21:52:39Z,2025-07-20T21:52:39Z,2025-07-15T20:00:00Z,18,power,influxdb-JWN-D8
,,0,2025-07-14T21:52:39Z,2025-07-20T21:52:39Z,2025-07-15T20:15:00Z,17,power,influxdb-JWN-D8
,,0,2025-07-14T21:52:39Z,2025-07-20T21:52:39Z,2025-07-15T20:30:00Z,18,power,influxdb-JWN-D8
,,0,2025-07-14T21:52:39Z,2025-07-20T21:52:39Z,2025-07-15T20:45:00Z,18,power,influxdb-JWN-D8
,,0,2025-07-14T21:52:39Z,2025-07-20T21:52:39Z,2025-07-15T21:00:00Z,17,power,influxdb-JWN-D8
,,0,2025-07-14T21:52:39Z,2025-07-20T21:52:39Z,2025-07-15T21:15:00Z,18,power,influxdb-JWN-D8
,,0,2025-07-14T21:52:39Z,2025-07-20T21:52:39Z,2025-07-15T21:30:00Z,17,power,influxdb-JWN-D8
,,0,2025-07-14T21:52:39Z,2025-07-20T21:52:39Z,2025-07-15T21:45:00Z,17,power,influxdb-JWN-D8
,,0,2025-07-14T21:52:39Z,2025-07-20T21:52:39Z,2025-07-15T22:00:00Z,17,power,influxdb-JWN-D8
,,0,2025-07-14T21:52:39Z,2025-07-20T21:52:39Z,2025-07-15T22:30:00Z,16,power,influxdb-JWN-D8
,,0,2025-07-14T21:52:39Z,2025-07-20T21:52:39Z,2025-07-15T22:45:00Z,18,power,influxdb-JWN-D8
,,0,2025-07-14T21:52:39Z,2025-07-20T21:52:39Z,2025-07-15T23:00:00Z,17,power,influxdb-JWN-D8
,,0,2025-07-14T21:52:39Z,2025-07-20T21:52:39Z,2025-07-15T23:15:00Z,18,power,influxdb-JWN-D8
,,0,2025-07-14T21:52:39Z,2025-07-20T21:52:39Z,2025-07-15T23:30:00Z,17,power,influxdb-JWN-D8
,,0,2025-07-14T21:52:39Z,2025-07-20T21:52:39Z,2025-07-15T23:45:00Z,18,power,influxdb-JWN-D8
,,0,2025-07-14T21:52:39Z,2025-07-20T21:52:39Z,2025-07-16T00:00:00Z,16,power,influxdb-JWN-D8
,,0,2025-07-14T21:52:39Z,2025-07-20T21:52:39Z,2025-07-16T00:15:00Z,16,power,influxdb-JWN-D8
,,0,2025-07-14T21:52:39Z,2025-07-20T21:52:39Z,2025-07-16T00:30:00Z,16,power,influxdb-JWN-D8
,,0,2025-07-14T21:52:39Z,2025-07-20T21:52:39Z,2025-07-16T00:45:00Z,18,power,influxdb-JWN-D8
,,0,2025-07-14T21:52:39Z,2025-07-20T21:52:39Z,2025-07-16T01:00:00Z,18,power,influxdb-JWN-D8
,,0,2025-07-14T21:52:39Z,2025-07-20T21:52:39Z,2025-07-16T01:15:00Z,17,power,influxdb-JWN-D8
,,0,2025-07-14T21:52:39Z,2025-07-20T21:52:39Z,2025-07-16T01:30:00Z,17,power,influxdb-JWN-D8
,,0,2025-07-14T21:52:39Z,2025-07-20T21:52:39Z,2025-07-16T02:30:00Z,17,power,influxdb-JWN-D8
,,0,2025-07-14T21:52:39Z,2025-07-20T21:52:39Z,2025-07-16T02:45:00Z,17,power,influxdb-JWN-D8
,,0,2025-07-14T21:52:39Z,2025-07-20T21:52:39Z,2025-07-16T03:00:00Z,17,power,influxdb-JWN-D8
,,0,2025-07-14T21:52:39Z,2025-07-20T21:52:39Z,2025-07-16T03:15:00Z,18,power,influxdb-JWN-D8
,,0,2025-07-14T21:52:39Z,2025-07-20T21:52:39Z,2025-07-16T03:30:00Z,17,power,influxdb-JWN-D8
,,0,2025-07-14T21:52:39Z,2025-07-20T21:52:39Z,2025-07-16T03:45:00Z,17,power,influxdb-JWN-D8
,,0,2025-07-14T21:52:39Z,2025-07-20T21:52:39Z,2025-07-16T04:00:00Z,17,power,influxdb-JWN-D8
,,0,2025-07-14T21:52:39Z,2025-07-20T21:52:39Z,2025-07-16T04:15:00Z,18,power,influxdb-JWN-D8
,,0,2025-07-14T21:52:39Z,2025-07-20T21:52:39Z,2025-07-16T04:30:00Z,17,power,influxdb-JWN-D8
,,0,2025-07-14T21:52:39Z,2025-07-20T21:52:39Z,2025-07-16T04:45:00Z,17,power,influxdb-JWN-D8
,,0,2025-07-14T21:52:39Z,2025-07-20T21:52:39Z,2025-07-16T05:00:00Z,17,power,influxdb-JWN-D8
,,0,2025-07-14T21:52:39Z,2025-07-20T21:52:39Z,2025-07-16T05:15:00Z,18,power,influxdb-JWN-D8
,,0,2025-07-14T21:52:39Z,2025-07-20T21:52:39Z,2025-07-16T05:30:00Z,17,power,influxdb-JWN-D8
,,0,2025-07-14T21:52:39Z,2025-07-20T21:52:39Z,2025-07-16T05:45:00Z,17,power,influxdb-JWN-D8
,,0,2025-07-14T21:52:39Z,2025-07-20T21:52:39Z,2025-07-16T06:00:00Z,17,power,influxdb-JWN-D8
,,0,2025-07-14T21:52:39Z,2025-07-20T21:52:39Z,2025-07-16T06:15:00Z,17,power,influxdb-JWN-D8
,,0,2025-07-14T21:52:39Z,2025-07-20T21:52:39Z,2025-07-16T06:30:00Z,18,power,influxdb-JWN-D8
,,0,2025-07-14T21:52:39Z,2025-07-20T21:52:39Z,2025-07-16T06:45:00Z,17,power,influxdb-JWN-D8
,,0,2025-07-14T21:52:39Z,2025-07-20T21:52:39Z,2025-07-16T07:00:00Z,18,power,influxdb-JWN-D8
,,0,2025-07-14T21:52:39Z,2025-07-20T21:52:39Z,2025-07-16T07:15:00Z,17,power,influxdb-JWN-D8
,,0,2025-07-14T21:52:39Z,2025-07-20T21:52:39Z,2025-07-16T08:00:00Z,18,power,influxdb-JWN-D8
,,0,2025-07-14T21:52:39Z,2025-07-20T21:52:39Z,2025-07-16T08:15:00Z,17,power,influxdb-JWN-D8
,,0,2025-07-14T21:52:39Z,2025-07-20T21:52:39Z,2025-07-16T08:30:00Z,17,power,influxdb-JWN-D8
,,0,2025-07-14T21:52:39Z,2025-07-20T21:52:39Z,2025-07-16T08:45:00Z,86,power,influxdb-JWN-D8
,,0,2025-07-14T21:52:39Z,2025-07-20T21:52:39Z,2025-07-16T09:15:00Z,61,power,influxdb-JWN-D8
,,0,2025-07-14T21:52:39Z,2025-07-20T21:52:39Z,2025-07-16T09:30:00Z,60,power,influxdb-JWN-D8
,,0,2025-07-14T21:52:39Z,2025-07-20T21:52:39Z,2025-07-16T09:45:00Z,70,power,influxdb-JWN-D8
,,0,2025-07-14T21:52:39Z,2025-07-20T21:52:39Z,2025-07-16T10:00:00Z,85,power,influxdb-JWN-D8
,,0,2025-07-14T21:52:39Z,2025-07-20T21:52:39Z,2025-07-16T10:15:00Z,66,power,influxdb-JWN-D8
,,0,2025-07-14T21:52:39Z,2025-07-20T21:52:39Z,2025-07-16T10:30:00Z,61,power,influxdb-JWN-D8
,,0,2025-07-14T21:52:39Z,2025-07-20T21:52:39Z,2025-07-16T10:45:00Z,56,power,influxdb-JWN-D8
,,0,2025-07-14T21:52:39Z,2025-07-20T21:52:39Z,2025-07-16T11:00:00Z,55,power,influxdb-JWN-D8
,,0,2025-07-14T21:52:39Z,2025-07-20T21:52:39Z,2025-07-16T11:15:00Z,62,power,influxdb-JWN-D8
,,0,2025-07-14T21:52:39Z,2025-07-20T21:52:39Z,2025-07-16T11:45:00Z,54,power,influxdb-JWN-D8
,,0,2025-07-14T21:52:39Z,2025-07-20T21:52:39Z,2025-07-16T12:15:00Z,59,power,influxdb-JWN-D8
,,0,2025-07-14T21:52:39Z,2025-07-20T21:52:39Z,2025-07-16T12:30:00Z,37,power,influxdb-JWN-D8
,,0,2025-07-14T21:52:39Z,2025-07-20T21:52:39Z,2025-07-16T13:00:00Z,40,power,influxdb-JWN-D8
,,0,2025-07-14T21:52:39Z,2025-07-20T21:52:39Z,2025-07-16T13:15:00Z,39,power,influxdb-JWN-D8
,,0,2025-07-14T21:52:39Z,2025-07-20T21:52:39Z,2025-07-16T13:30:00Z,39,power,influxdb-JWN-D8
,,0,2025-07-14T21:52:39Z,2025-07-20T21:52:39Z,2025-07-16T13:45:00Z,39,power,influxdb-JWN-D8
,,0,2025-07-14T21:52:39Z,2025-07-20T21:52:39Z,2025-07-16T14:15:00Z,40,power,influxdb-JWN-D8
,,0,2025-07-14T21:52:39Z,2025-07-20T21:52:39Z,2025-07-16T14:45:00Z,39,power,influxdb-JWN-D8
,,0,2025-07-14T21:52:39Z,2025-07-20T21:52:39Z,2025-07-16T15:15:00Z,39,power,influxdb-JWN-D8
,,0,2025-07-14T21:52:39Z,2025-07-20T21:52:39Z,2025-07-16T15:30:00Z,18,power,influxdb-JWN-D8
,,0,2025-07-14T21:52:39Z,2025-07-20T21:52:39Z,2025-07-16T15:45:00Z,222,power,influxdb-JWN-D8
,,0,2025-07-14T21:52:39Z,2025-07-20T21:52:39Z,2025-07-16T16:00:00Z,166,power,influxdb-JWN-D8
,,0,2025-07-14T21:52:39Z,2025-07-20T21:52:39Z,2025-07-16T16:15:00Z,18,power,influxdb-JWN-D8
,,0,2025-07-14T21:52:39Z,2025-07-20T21:52:39Z,2025-07-16T16:30:00Z,17,power,influxdb-JWN-D8
,,0,2025-07-14T21:52:39Z,2025-07-20T21:52:39Z,2025-07-16T17:00:00Z,17,power,influxdb-JWN-D8
,,0,2025-07-14T21:52:39Z,2025-07-20T21:52:39Z,2025-07-16T17:15:00Z,17,power,influxdb-JWN-D8
,,0,2025-07-14T21:52:39Z,2025-07-20T21:52:39Z,2025-07-16T17:30:00Z,19,power,influxdb-JWN-D8
,,0,2025-07-14T21:52:39Z,2025-07-20T21:52:39Z,2025-07-16T17:45:00Z,18,power,influxdb-JWN-D8
,,0,2025-07-14T21:52:39Z,2025-07-20T21:52:39Z,2025-07-16T18:00:00Z,17,power,influxdb-JWN-D8
,,0,2025-07-14T21:52:39Z,2025-07-20T21:52:39Z,2025-07-16T18:15:00Z,17,power,influxdb-JWN-D8
,,0,2025-07-14T21:52:39Z,2025-07-20T21:52:39Z,2025-07-16T18:30:00Z,18,power,influxdb-JWN-D8
,,0,2025-07-14T21:52:39Z,2025-07-20T21:52:39Z,2025-07-16T18:45:00Z,18,power,influxdb-JWN-D8
,,0,2025-07-14T21:52:39Z,2025-07-20T21:52:39Z,2025-07-16T19:00:00Z,17,power,influxdb-JWN-D8
,,0,2025-07-14T21:52:39Z,2025-07-20T21:52:39Z,2025-07-16T19:15:00Z,17,power,influxdb-JWN-D8
,,0,2025-07-14T21:52:39Z,2025-07-20T21:52:39Z,2025-07-16T19:30:00Z,17,power,influxdb-JWN-D8
,,0,2025-07-14T21:52:39Z,2025-07-20T21:52:39Z,2025-07-16T19:45:00Z,18,power,influxdb-JWN-D8
,,0,2025-07-14T21:52:39Z,2025-07-20T21:52:39Z,2025-07-16T20:00:00Z,17,power,influxdb-JWN-D8
,,0,2025-07-14T21:52:39Z,2025-07-20T21:52:39Z,2025-07-16T20:15:00Z,17,power,influxdb-JWN-D8
,,0,2025-07-14T21:52:39Z,2025-07-20T21:52:39Z,2025-07-16T20:30:00Z,17,power,influxdb-JWN-D8
,,0,2025-07-14T21:52:39Z,2025-07-20T21:52:39Z,2025-07-16T21:00:00Z,17,power,influxdb-JWN-D8
,,0,2025-07-14T21:52:39Z,2025-07-20T21:52:39Z,2025-07-16T21:15:00Z,16,power,influxdb-JWN-D8
,,0,2025-07-14T21:52:39Z,2025-07-20T21:52:39Z,2025-07-16T21:30:00Z,17,power,influxdb-JWN-D8
,,0,2025-07-14T21:52:39Z,2025-07-20T21:52:39Z,2025-07-16T21:45:00Z,17,power,influxdb-JWN-D8
,,0,2025-07-14T21:52:39Z,2025-07-20T21:52:39Z,2025-07-16T22:00:00Z,29,power,influxdb-JWN-D8
,,0,2025-07-14T21:52:39Z,2025-07-20T21:52:39Z,2025-07-16T22:15:00Z,17,power,influxdb-JWN-D8
,,0,2025-07-14T21:52:39Z,2025-07-20T21:52:39Z,2025-07-16T22:30:00Z,17,power,influxdb-JWN-D8
,,0,2025-07-14T21:52:39Z,2025-07-20T21:52:39Z,2025-07-16T22:45:00Z,17,power,influxdb-JWN-D8
,,0,2025-07-14T21:52:39Z,2025-07-20T21:52:39Z,2025-07-16T23:00:00Z,17,power,influxdb-JWN-D8
,,0,2025-07-14T21:52:39Z,2025-07-20T21:52:39Z,2025-07-16T23:15:00Z,18,power,influxdb-JWN-D8
,,0,2025-07-14T21:52:39Z,2025-07-20T21:52:39Z,2025-07-16T23:45:00Z,19,power,influxdb-JWN-D8
,,0,2025-07-14T21:52:39Z,2025-07-20T21:52:39Z,2025-07-17T00:00:00Z,17,power,influxdb-JWN-D8
,,0,2025-07-14T21:52:39Z,2025-07-20T21:52:39Z,2025-07-17T00:15:00Z,17,power,influxdb-JWN-D8
,,0,2025-07-14T21:52:39Z,2025-07-20T21:52:39Z,2025-07-17T00:30:00Z,16,power,influxdb-JWN-D8
,,0,2025-07-14T21:52:39Z,2025-07-20T21:52:39Z,2025-07-17T00:45:00Z,17,power,influxdb-JWN-D8
,,0,2025-07-14T21:52:39Z,2025-07-20T21:52:39Z,2025-07-17T01:00:00Z,17,power,influxdb-JWN-D8
,,0,2025-07-14T21:52:39Z,2025-07-20T21:52:39Z,2025-07-17T01:15:00Z,17,power,influxdb-JWN-D8
,,0,2025-07-14T21:52:39Z,2025-07-20T21:52:39Z,2025-07-17T01:30:00Z,17,power,influxdb-JWN-D8
,,0,2025-07-14T21:52:39Z,2025-07-20T21:52:39Z,2025-07-17T01:45:00Z,18,power,influxdb-JWN-D8
,,0,2025-07-14T21:52:39Z,2025-07-20T21:52:39Z,2025-07-17T02:15:00Z,19,power,influxdb-JWN-D8
,,0,2025-07-14T21:52:39Z,2025-07-20T21:52:39Z,2025-07-17T03:00:00Z,17,power,influxdb-JWN-D8
,,0,2025-07-14T21:52:39Z,2025-07-20T21:52:39Z,2025-07-17T03:15:00Z,17,power,influxdb-JWN-D8
,,0,2025-07-14T21:52:39Z,2025-07-20T21:52:39Z,2025-07-17T03:45:00Z,17,power,influxdb-JWN-D8
,,0,2025-07-14T21:52:39Z,2025-07-20T21:52:39Z,2025-07-17T04:15:00Z,18,power,influxdb-JWN-D8
,,0,2025-07-14T21:52:39Z,2025-07-20T21:52:39Z,2025-07-17T04:30:00Z,17,power,influxdb-JWN-D8
,,0,2025-07-14T21:52:39Z,2025-07-20T21:52:39Z,2025-07-17T05:00:00Z,17,power,influxdb-JWN-D8
,,0,2025-07-14T21:52:39Z,2025-07-20T21:52:39Z,2025-07-17T05:15:00Z,17,power,influxdb-JWN-D8
,,0,2025-07-14T21:52:39Z,2025-07-20T21:52:39Z,2025-07-17T05:30:00Z,17,power,influxdb-JWN-D8
,,0,2025-07-14T21:52:39Z,2025-07-20T21:52:39Z,2025-07-17T05:45:00Z,17,power,influxdb-JWN-D8
,,0,2025-07-14T21:52:39Z,2025-07-20T21:52:39Z,2025-07-17T06:00:00Z,17,power,influxdb-JWN-D8
,,0,2025-07-14T21:52:39Z,2025-07-20T21:52:39Z,2025-07-17T06:15:00Z,18,power,influxdb-JWN-D8
,,0,2025-07-14T21:52:39Z,2025-07-20T21:52:39Z,2025-07-17T06:30:00Z,18,power,influxdb-JWN-D8
,,0,2025-07-14T21:52:39Z,2025-07-20T21:52:39Z,2025-07-17T06:45:00Z,18,power,influxdb-JWN-D8
,,0,2025-07-14T21:52:39Z,2025-07-20T21:52:39Z,2025-07-17T07:00:00Z,17,power,influxdb-JWN-D8
,,0,2025-07-14T21:52:39Z,2025-07-20T21:52:39Z,2025-07-17T07:15:00Z,17,power,influxdb-JWN-D8
,,0,2025-07-14T21:52:39Z,2025-07-20T21:52:39Z,2025-07-17T07:45:00Z,18,power,influxdb-JWN-D8
,,0,2025-07-14T21:52:39Z,2025-07-20T21:52:39Z,2025-07-17T08:00:00Z,17,power,influxdb-JWN-D8
,,0,2025-07-14T21:52:39Z,2025-07-20T21:52:39Z,2025-07-17T08:15:00Z,18,power,influxdb-JWN-D8
,,0,2025-07-14T21:52:39Z,2025-07-20T21:52:39Z,2025-07-17T08:30:00Z,126,power,influxdb-JWN-D8
,,0,2025-07-14T21:52:39Z,2025-07-20T21:52:39Z,2025-07-17T08:45:00Z,72,power,influxdb-JWN-D8
,,0,2025-07-14T21:52:39Z,2025-07-20T21:52:39Z,2025-07-17T09:00:00Z,66,power,influxdb-JWN-D8
,,0,2025-07-14T21:52:39Z,2025-07-20T21:52:39Z,2025-07-17T09:15:00Z,56,power,influxdb-JWN-D8
,,0,2025-07-14T21:52:39Z,2025-07-20T21:52:39Z,2025-07-17T09:30:00Z,55,power,influxdb-JWN-D8
,,0,2025-07-14T21:52:39Z,2025-07-20T21:52:39Z,2025-07-17T09:45:00Z,52,power,influxdb-JWN-D8
,,0,2025-07-14T21:52:39Z,2025-07-20T21:52:39Z,2025-07-17T10:00:00Z,63,power,influxdb-JWN-D8
,,0,2025-07-14T21:52:39Z,2025-07-20T21:52:39Z,2025-07-17T10:15:00Z,53,power,influxdb-JWN-D8
,,0,2025-07-14T21:52:39Z,2025-07-20T21:52:39Z,2025-07-17T10:30:00Z,52,power,influxdb-JWN-D8
,,0,2025-07-14T21:52:39Z,2025-07-20T21:52:39Z,2025-07-17T11:00:00Z,34,power,influxdb-JWN-D8
,,0,2025-07-14T21:52:39Z,2025-07-20T21:52:39Z,2025-07-17T11:15:00Z,35,power,influxdb-JWN-D8
,,0,2025-07-14T21:52:39Z,2025-07-20T21:52:39Z,2025-07-17T11:30:00Z,36,power,influxdb-JWN-D8
,,0,2025-07-14T21:52:39Z,2025-07-20T21:52:39Z,2025-07-17T11:45:00Z,55,power,influxdb-JWN-D8
,,0,2025-07-14T21:52:39Z,2025-07-20T21:52:39Z,2025-07-17T12:15:00Z,53,power,influxdb-JWN-D8
,,0,2025-07-14T21:52:39Z,2025-07-20T21:52:39Z,2025-07-17T12:30:00Z,35,power,influxdb-JWN-D8
,,0,2025-07-14T21:52:39Z,2025-07-20T21:52:39Z,2025-07-17T12:45:00Z,36,power,influxdb-JWN-D8
,,0,2025-07-14T21:52:39Z,2025-07-20T21:52:39Z,2025-07-17T13:15:00Z,51,power,influxdb-JWN-D8
,,0,2025-07-14T21:52:39Z,2025-07-20T21:52:39Z,2025-07-17T13:30:00Z,52,power,influxdb-JWN-D8
,,0,2025-07-14T21:52:39Z,2025-07-20T21:52:39Z,2025-07-17T13:45:00Z,34,power,influxdb-JWN-D8
,,0,2025-07-14T21:52:39Z,2025-07-20T21:52:39Z,2025-07-17T14:00:00Z,34,power,influxdb-JWN-D8
,,0,2025-07-14T21:52:39Z,2025-07-20T21:52:39Z,2025-07-17T14:15:00Z,61,power,influxdb-JWN-D8
,,0,2025-07-14T21:52:39Z,2025-07-20T21:52:39Z,2025-07-17T14:30:00Z,54,power,influxdb-JWN-D8
,,0,2025-07-14T21:52:39Z,2025-07-20T21:52:39Z,2025-07-17T15:00:00Z,53,power,influxdb-JWN-D8
,,0,2025-07-14T21:52:39Z,2025-07-20T21:52:39Z,2025-07-17T15:15:00Z,53,power,influxdb-JWN-D8
,,0,2025-07-14T21:52:39Z,2025-07-20T21:52:39Z,2025-07-17T15:45:00Z,51,power,influxdb-JWN-D8
,,0,2025-07-14T21:52:39Z,2025-07-20T21:52:39Z,2025-07-17T16:00:00Z,52,power,influxdb-JWN-D8
,,0,2025-07-14T21:52:39Z,2025-07-20T21:52:39Z,2025-07-17T16:15:00Z,52,power,influxdb-JWN-D8
,,0,2025-07-14T21:52:39Z,2025-07-20T21:52:39Z,2025-07-17T16:30:00Z,52,power,influxdb-JWN-D8
,,0,2025-07-14T21:52:39Z,2025-07-20T21:52:39Z,2025-07-17T16:45:00Z,52,power,influxdb-JWN-D8
,,0,2025-07-14T21:52:39Z,2025-07-20T21:52:39Z,2025-07-17T17:00:00Z,34,power,influxdb-JWN-D8
,,0,2025-07-14T21:52:39Z,2025-07-20T21:52:39Z,2025-07-17T17:15:00Z,52,power,influxdb-JWN-D8
,,0,2025-07-14T21:52:39Z,2025-07-20T21:52:39Z,2025-07-17T17:30:00Z,48,power,influxdb-JWN-D8
,,0,2025-07-14T21:52:39Z,2025-07-20T21:52:39Z,2025-07-17T17:45:00Z,17,power,influxdb-JWN-D8
,,0,2025-07-14T21:52:39Z,2025-07-20T21:52:39Z,2025-07-17T18:00:00Z,18,power,influxdb-JWN-D8
,,0,2025-07-14T21:52:39Z,2025-07-20T21:52:39Z,2025-07-17T19:00:00Z,17,power,influxdb-JWN-D8
,,0,2025-07-14T21:52:39Z,2025-07-20T21:52:39Z,2025-07-17T19:15:00Z,19,power,influxdb-JWN-D8
,,0,2025-07-14T21:52:39Z,2025-07-20T21:52:39Z,2025-07-17T19:30:00Z,19,power,influxdb-JWN-D8
,,0,2025-07-14T21:52:39Z,2025-07-20T21:52:39Z,2025-07-17T20:00:00Z,17,power,influxdb-JWN-D8
,,0,2025-07-14T21:52:39Z,2025-07-20T21:52:39Z,2025-07-17T20:15:00Z,19,power,influxdb-JWN-D8
,,0,2025-07-14T21:52:39Z,2025-07-20T21:52:39Z,2025-07-17T20:30:00Z,16,power,influxdb-JWN-D8
,,0,2025-07-14T21:52:39Z,2025-07-20T21:52:39Z,2025-07-17T21:00:00Z,17,power,influxdb-JWN-D8
,,0,2025-07-14T21:52:39Z,2025-07-20T21:52:39Z,2025-07-17T21:15:00Z,17,power,influxdb-JWN-D8
,,0,2025-07-14T21:52:39Z,2025-07-20T21:52:39Z,2025-07-17T21:30:00Z,17,power,influxdb-JWN-D8
,,0,2025-07-14T21:52:39Z,2025-07-20T21:52:39Z,2025-07-17T21:45:00Z,17,power,influxdb-JWN-D8
,,0,2025-07-14T21:52:39Z,2025-07-20T21:52:39Z,2025-07-17T22:00:00Z,17,power,influxdb-JWN-D8
,,0,2025-07-14T21:52:39Z,2025-07-20T21:52:39Z,2025-07-17T22:45:00Z,18,power,influxdb-JWN-D8
,,0,2025-07-14T21:52:39Z,2025-07-20T21:52:39Z,2025-07-17T23:00:00Z,18,power,influxdb-JWN-D8
,,0,2025-07-14T21:52:39Z,2025-07-20T21:52:39Z,2025-07-17T23:15:00Z,17,power,influxdb-JWN-D8
,,0,2025-07-14T21:52:39Z,2025-07-20T21:52:39Z,2025-07-17T23:30:00Z,18,power,influxdb-JWN-D8
,,0,2025-07-14T21:52:39Z,2025-07-20T21:52:39Z,2025-07-17T23:45:00Z,16,power,influxdb-JWN-D8
,,0,2025-07-14T21:52:39Z,2025-07-20T21:52:39Z,2025-07-18T00:15:00Z,17,power,influxdb-JWN-D8
,,0,2025-07-14T21:52:39Z,2025-07-20T21:52:39Z,2025-07-18T00:30:00Z,18,power,influxdb-JWN-D8
,,0,2025-07-14T21:52:39Z,2025-07-20T21:52:39Z,2025-07-18T00:45:00Z,18,power,influxdb-JWN-D8
,,0,2025-07-14T21:52:39Z,2025-07-20T21:52:39Z,2025-07-18T01:00:00Z,17,power,influxdb-JWN-D8
,,0,2025-07-14T21:52:39Z,2025-07-20T21:52:39Z,2025-07-18T01:15:00Z,17,power,influxdb-JWN-D8
,,0,2025-07-14T21:52:39Z,2025-07-20T21:52:39Z,2025-07-18T01:30:00Z,17,power,influxdb-JWN-D8
,,0,2025-07-14T21:52:39Z,2025-07-20T21:52:39Z,2025-07-18T01:45:00Z,16,power,influxdb-JWN-D8
,,0,2025-07-14T21:52:39Z,2025-07-20T21:52:39Z,2025-07-18T02:00:00Z,18,power,influxdb-JWN-D8
,,0,2025-07-14T21:52:39Z,2025-07-20T21:52:39Z,2025-07-18T02:15:00Z,19,power,influxdb-JWN-D8
,,0,2025-07-14T21:52:39Z,2025-07-20T21:52:39Z,2025-07-18T02:30:00Z,18,power,influxdb-JWN-D8
,,0,2025-07-14T21:52:39Z,2025-07-20T21:52:39Z,2025-07-18T02:45:00Z,17,power,influxdb-JWN-D8
,,0,2025-07-14T21:52:39Z,2025-07-20T21:52:39Z,2025-07-18T03:00:00Z,17,power,influxdb-JWN-D8
,,0,2025-07-14T21:52:39Z,2025-07-20T21:52:39Z,2025-07-18T03:15:00Z,18,power,influxdb-JWN-D8
,,0,2025-07-14T21:52:39Z,2025-07-20T21:52:39Z,2025-07-18T03:30:00Z,18,power,influxdb-JWN-D8
,,0,2025-07-14T21:52:39Z,2025-07-20T21:52:39Z,2025-07-18T03:45:00Z,17,power,influxdb-JWN-D8
,,0,2025-07-14T21:52:39Z,2025-07-20T21:52:39Z,2025-07-18T04:00:00Z,17,power,influxdb-JWN-D8
,,0,2025-07-14T21:52:39Z,2025-07-20T21:52:39Z,2025-07-18T04:15:00Z,18,power,influxdb-JWN-D8
,,0,2025-07-14T21:52:39Z,2025-07-20T21:52:39Z,2025-07-18T04:30:00Z,18,power,influxdb-JWN-D8
,,0,2025-07-14T21:52:39Z,2025-07-20T21:52:39Z,2025-07-18T04:45:00Z,17,power,influxdb-JWN-D8
,,0,2025-07-14T21:52:39Z,2025-07-20T21:52:39Z,2025-07-18T05:00:00Z,18,power,influxdb-JWN-D8
,,0,2025-07-14T21:52:39Z,2025-07-20T21:52:39Z,2025-07-18T05:30:00Z,17,power,influxdb-JWN-D8
,,0,2025-07-14T21:52:39Z,2025-07-20T21:52:39Z,2025-07-18T05:45:00Z,17,power,influxdb-JWN-D8
,,0,2025-07-14T21:52:39Z,2025-07-20T21:52:39Z,2025-07-18T06:15:00Z,17,power,influxdb-JWN-D8
,,0,2025-07-14T21:52:39Z,2025-07-20T21:52:39Z,2025-07-18T06:30:00Z,17,power,influxdb-JWN-D8
,,0,2025-07-14T21:52:39Z,2025-07-20T21:52:39Z,2025-07-18T06:45:00Z,18,power,influxdb-JWN-D8
,,0,2025-07-14T21:52:39Z,2025-07-20T21:52:39Z,2025-07-18T07:00:00Z,17,power,influxdb-JWN-D8
,,0,2025-07-14T21:52:39Z,2025-07-20T21:52:39Z,2025-07-18T07:45:00Z,17,power,influxdb-JWN-D8
,,0,2025-07-14T21:52:39Z,2025-07-20T21:52:39Z,2025-07-18T08:00:00Z,17,power,influxdb-JWN-D8
,,0,2025-07-14T21:52:39Z,2025-07-20T21:52:39Z,2025-07-18T08:15:00Z,17,power,influxdb-JWN-D8
,,0,2025-07-14T21:52:39Z,2025-07-20T21:52:39Z,2025-07-18T08:30:00Z,78,power,influxdb-JWN-D8
,,0,2025-07-14T21:52:39Z,2025-07-20T21:52:39Z,2025-07-18T09:30:00Z,52,power,influxdb-JWN-D8
,,0,2025-07-14T21:52:39Z,2025-07-20T21:52:39Z,2025-07-18T09:45:00Z,51,power,influxdb-JWN-D8
,,0,2025-07-14T21:52:39Z,2025-07-20T21:52:39Z,2025-07-18T10:15:00Z,55,power,influxdb-JWN-D8
,,0,2025-07-14T21:52:39Z,2025-07-20T21:52:39Z,2025-07-18T10:45:00Z,57,power,influxdb-JWN-D8
,,0,2025-07-14T21:52:39Z,2025-07-20T21:52:39Z,2025-07-18T11:00:00Z,53,power,influxdb-JWN-D8
,,0,2025-07-14T21:52:39Z,2025-07-20T21:52:39Z,2025-07-18T11:15:00Z,52,power,influxdb-JWN-D8
,,0,2025-07-14T21:52:39Z,2025-07-20T21:52:39Z,2025-07-18T11:30:00Z,34,power,influxdb-JWN-D8
,,0,2025-07-14T21:52:39Z,2025-07-20T21:52:39Z,2025-07-18T11:45:00Z,72,power,influxdb-JWN-D8
,,0,2025-07-14T21:52:39Z,2025-07-20T21:52:39Z,2025-07-18T12:00:00Z,54,power,influxdb-JWN-D8
,,0,2025-07-14T21:52:39Z,2025-07-20T21:52:39Z,2025-07-18T12:15:00Z,52,power,influxdb-JWN-D8
,,0,2025-07-14T21:52:39Z,2025-07-20T21:52:39Z,2025-07-18T12:30:00Z,53,power,influxdb-JWN-D8
,,0,2025-07-14T21:52:39Z,2025-07-20T21:52:39Z,2025-07-18T13:00:00Z,36,power,influxdb-JWN-D8
,,0,2025-07-14T21:52:39Z,2025-07-20T21:52:39Z,2025-07-18T13:30:00Z,35,power,influxdb-JWN-D8
,,0,2025-07-14T21:52:39Z,2025-07-20T21:52:39Z,2025-07-18T13:45:00Z,39,power,influxdb-JWN-D8
,,0,2025-07-14T21:52:39Z,2025-07-20T21:52:39Z,2025-07-18T14:00:00Z,35,power,influxdb-JWN-D8
,,0,2025-07-14T21:52:39Z,2025-07-20T21:52:39Z,2025-07-18T14:15:00Z,58,power,influxdb-JWN-D8
,,0,2025-07-14T21:52:39Z,2025-07-20T21:52:39Z,2025-07-18T14:45:00Z,59,power,influxdb-JWN-D8
,,0,2025-07-14T21:52:39Z,2025-07-20T21:52:39Z,2025-07-18T15:00:00Z,52,power,influxdb-JWN-D8
,,0,2025-07-14T21:52:39Z,2025-07-20T21:52:39Z,2025-07-18T15:15:00Z,58,power,influxdb-JWN-D8
,,0,2025-07-14T21:52:39Z,2025-07-20T21:52:39Z,2025-07-18T16:00:00Z,59,power,influxdb-JWN-D8
,,0,2025-07-14T21:52:39Z,2025-07-20T21:52:39Z,2025-07-18T16:15:00Z,52,power,influxdb-JWN-D8
,,0,2025-07-14T21:52:39Z,2025-07-20T21:52:39Z,2025-07-18T16:30:00Z,56,power,influxdb-JWN-D8
,,0,2025-07-14T21:52:39Z,2025-07-20T21:52:39Z,2025-07-18T17:00:00Z,18,power,influxdb-JWN-D8
,,0,2025-07-14T21:52:39Z,2025-07-20T21:52:39Z,2025-07-18T17:15:00Z,17,power,influxdb-JWN-D8
,,0,2025-07-14T21:52:39Z,2025-07-20T21:52:39Z,2025-07-18T17:30:00Z,17,power,influxdb-JWN-D8
,,0,2025-07-14T21:52:39Z,2025-07-20T21:52:39Z,2025-07-18T17:45:00Z,17,power,influxdb-JWN-D8
,,0,2025-07-14T21:52:39Z,2025-07-20T21:52:39Z,2025-07-18T18:00:00Z,17,power,influxdb-JWN-D8
,,0,2025-07-14T21:52:39Z,2025-07-20T21:52:39Z,2025-07-18T19:00:00Z,17,power,influxdb-JWN-D8
,,0,2025-07-14T21:52:39Z,2025-07-20T21:52:39Z,2025-07-18T19:30:00Z,17,power,influxdb-JWN-D8
,,0,2025-07-14T21:52:39Z,2025-07-20T21:52:39Z,2025-07-18T19:45:00Z,17,power,influxdb-JWN-D8
,,0,2025-07-14T21:52:39Z,2025-07-20T21:52:39Z,2025-07-18T20:15:00Z,18,power,influxdb-JWN-D8
,,0,2025-07-14T21:52:39Z,2025-07-20T21:52:39Z,2025-07-18T20:30:00Z,19,power,influxdb-JWN-D8
,,0,2025-07-14T21:52:39Z,2025-07-20T21:52:39Z,2025-07-18T20:45:00Z,34,power,influxdb-JWN-D8
,,0,2025-07-14T21:52:39Z,2025-07-20T21:52:39Z,2025-07-18T21:15:00Z,17,power,influxdb-JWN-D8
,,0,2025-07-14T21:52:39Z,2025-07-20T21:52:39Z,2025-07-18T21:30:00Z,18,power,influxdb-JWN-D8
,,0,2025-07-14T21:52:39Z,2025-07-20T21:52:39Z,2025-07-18T21:45:00Z,17,power,influxdb-JWN-D8
,,0,2025-07-14T21:52:39Z,2025-07-20T21:52:39Z,2025-07-18T22:15:00Z,18,power,influxdb-JWN-D8
,,0,2025-07-14T21:52:39Z,2025-07-20T21:52:39Z,2025-07-18T22:45:00Z,17,power,influxdb-JWN-D8
,,0,2025-07-14T21:52:39Z,2025-07-20T21:52:39Z,2025-07-18T23:00:00Z,17,power,influxdb-JWN-D8
,,0,2025-07-14T21:52:39Z,2025-07-20T21:52:39Z,2025-07-18T23:15:00Z,19,power,influxdb-JWN-D8
,,0,2025-07-14T21:52:39Z,2025-07-20T21:52:39Z,2025-07-18T23:30:00Z,16,power,influxdb-JWN-D8
,,0,2025-07-14T21:52:39Z,2025-07-20T21:52:39Z,2025-07-18T23:45:00Z,17,power,influxdb-JWN-D8
,,0,2025-07-14T21:52:39Z,2025-07-20T21:52:39Z,2025-07-19T00:00:00Z,19,power,influxdb-JWN-D8
,,0,2025-07-14T21:52:39Z,2025-07-20T21:52:39Z,2025-07-19T00:15:00Z,17,power,influxdb-JWN-D8
,,0,2025-07-14T21:52:39Z,2025-07-20T21:52:39Z,2025-07-19T00:30:00Z,17,power,influxdb-JWN-D8
,,0,2025-07-14T21:52:39Z,2025-07-20T21:52:39Z,2025-07-19T01:00:00Z,18,power,influxdb-JWN-D8
,,0,2025-07-14T21:52:39Z,2025-07-20T21:52:39Z,2025-07-19T01:30:00Z,17,power,influxdb-JWN-D8
,,0,2025-07-14T21:52:39Z,2025-07-20T21:52:39Z,2025-07-19T01:45:00Z,18,power,influxdb-JWN-D8
,,0,2025-07-14T21:52:39Z,2025-07-20T21:52:39Z,2025-07-19T02:00:00Z,18,power,influxdb-JWN-D8
,,0,2025-07-14T21:52:39Z,2025-07-20T21:52:39Z,2025-07-19T02:30:00Z,18,power,influxdb-JWN-D8
,,0,2025-07-14T21:52:39Z,2025-07-20T21:52:39Z,2025-07-19T02:45:00Z,17,power,influxdb-JWN-D8
,,0,2025-07-14T21:52:39Z,2025-07-20T21:52:39Z,2025-07-19T03:00:00Z,17,power,influxdb-JWN-D8
,,0,2025-07-14T21:52:39Z,2025-07-20T21:52:39Z,2025-07-19T04:00:00Z,18,power,influxdb-JWN-D8
,,0,2025-07-14T21:52:39Z,2025-07-20T21:52:39Z,2025-07-19T04:15:00Z,18,power,influxdb-JWN-D8
,,0,2025-07-14T21:52:39Z,2025-07-20T21:52:39Z,2025-07-19T04:30:00Z,17,power,influxdb-JWN-D8
,,0,2025-07-14T21:52:39Z,2025-07-20T21:52:39Z,2025-07-19T04:45:00Z,18,power,influxdb-JWN-D8
,,0,2025-07-14T21:52:39Z,2025-07-20T21:52:39Z,2025-07-19T05:00:00Z,16,power,influxdb-JWN-D8
,,0,2025-07-14T21:52:39Z,2025-07-20T21:52:39Z,2025-07-19T05:15:00Z,18,power,influxdb-JWN-D8
,,0,2025-07-14T21:52:39Z,2025-07-20T21:52:39Z,2025-07-19T05:30:00Z,17,power,influxdb-JWN-D8
,,0,2025-07-14T21:52:39Z,2025-07-20T21:52:39Z,2025-07-19T05:45:00Z,17,power,influxdb-JWN-D8
,,0,2025-07-14T21:52:39Z,2025-07-20T21:52:39Z,2025-07-19T06:45:00Z,18,power,influxdb-JWN-D8
,,0,2025-07-14T21:52:39Z,2025-07-20T21:52:39Z,2025-07-19T08:00:00Z,17,power,influxdb-JWN-D8
,,0,2025-07-14T21:52:39Z,2025-07-20T21:52:39Z,2025-07-19T08:30:00Z,18,power,influxdb-JWN-D8
,,0,2025-07-14T21:52:39Z,2025-07-20T21:52:39Z,2025-07-19T08:45:00Z,18,power,influxdb-JWN-D8
,,0,2025-07-14T21:52:39Z,2025-07-20T21:52:39Z,2025-07-19T09:00:00Z,18,power,influxdb-JWN-D8
,,0,2025-07-14T21:52:39Z,2025-07-20T21:52:39Z,2025-07-19T09:15:00Z,17,power,influxdb-JWN-D8
,,0,2025-07-14T21:52:39Z,2025-07-20T21:52:39Z,2025-07-19T10:15:00Z,18,power,influxdb-JWN-D8
,,0,2025-07-14T21:52:39Z,2025-07-20T21:52:39Z,2025-07-19T10:30:00Z,18,power,influxdb-JWN-D8
,,0,2025-07-14T21:52:39Z,2025-07-20T21:52:39Z,2025-07-19T10:45:00Z,18,power,influxdb-JWN-D8
,,0,2025-07-14T21:52:39Z,2025-07-20T21:52:39Z,2025-07-19T11:00:00Z,18,power,influxdb-JWN-D8
,,0,2025-07-14T21:52:39Z,2025-07-20T21:52:39Z,2025-07-19T11:30:00Z,17,power,influxdb-JWN-D8
,,0,2025-07-14T21:52:39Z,2025-07-20T21:52:39Z,2025-07-19T11:45:00Z,17,power,influxdb-JWN-D8
,,0,2025-07-14T21:52:39Z,2025-07-20T21:52:39Z,2025-07-19T12:00:00Z,17,power,influxdb-JWN-D8
,,0,2025-07-14T21:52:39Z,2025-07-20T21:52:39Z,2025-07-19T12:15:00Z,18,power,influxdb-JWN-D8
,,0,2025-07-14T21:52:39Z,2025-07-20T21:52:39Z,2025-07-19T12:30:00Z,17,power,influxdb-JWN-D8
,,0,2025-07-14T21:52:39Z,2025-07-20T21:52:39Z,2025-07-19T12:45:00Z,18,power,influxdb-JWN-D8
,,0,2025-07-14T21:52:39Z,2025-07-20T21:52:39Z,2025-07-19T13:00:00Z,17,power,influxdb-JWN-D8
,,0,2025-07-14T21:52:39Z,2025-07-20T21:52:39Z,2025-07-19T13:30:00Z,17,power,influxdb-JWN-D8
,,0,2025-07-14T21:52:39Z,2025-07-20T21:52:39Z,2025-07-19T14:30:00Z,16,power,influxdb-JWN-D8
,,0,2025-07-14T21:52:39Z,2025-07-20T21:52:39Z,2025-07-19T15:00:00Z,18,power,influxdb-JWN-D8
,,0,2025-07-14T21:52:39Z,2025-07-20T21:52:39Z,2025-07-19T15:30:00Z,17,power,influxdb-JWN-D8
,,0,2025-07-14T21:52:39Z,2025-07-20T21:52:39Z,2025-07-19T16:00:00Z,17,power,influxdb-JWN-D8
,,0,2025-07-14T21:52:39Z,2025-07-20T21:52:39Z,2025-07-19T16:15:00Z,19,power,influxdb-JWN-D8
,,0,2025-07-14T21:52:39Z,2025-07-20T21:52:39Z,2025-07-19T16:30:00Z,17,power,influxdb-JWN-D8
,,0,2025-07-14T21:52:39Z,2025-07-20T21:52:39Z,2025-07-19T17:00:00Z,17,power,influxdb-JWN-D8
,,0,2025-07-14T21:52:39Z,2025-07-20T21:52:39Z,2025-07-19T17:15:00Z,18,power,influxdb-JWN-D8
,,0,2025-07-14T21:52:39Z,2025-07-20T21:52:39Z,2025-07-19T17:30:00Z,18,power,influxdb-JWN-D8
,,0,2025-07-14T21:52:39Z,2025-07-20T21:52:39Z,2025-07-19T17:45:00Z,17,power,influxdb-JWN-D8
,,0,2025-07-14T21:52:39Z,2025-07-20T21:52:39Z,2025-07-19T18:00:00Z,18,power,influxdb-JWN-D8
,,0,2025-07-14T21:52:39Z,2025-07-20T21:52:39Z,2025-07-19T18:15:00Z,17,power,influxdb-JWN-D8
,,0,2025-07-14T21:52:39Z,2025-07-20T21:52:39Z,2025-07-19T18:30:00Z,17,power,influxdb-JWN-D8
,,0,2025-07-14T21:52:39Z,2025-07-20T21:52:39Z,2025-07-19T19:00:00Z,18,power,influxdb-JWN-D8
,,0,2025-07-14T21:52:39Z,2025-07-20T21:52:39Z,2025-07-19T19:15:00Z,17,power,influxdb-JWN-D8
,,0,2025-07-14T21:52:39Z,2025-07-20T21:52:39Z,2025-07-19T19:30:00Z,19,power,influxdb-JWN-D8
,,0,2025-07-14T21:52:39Z,2025-07-20T21:52:39Z,2025-07-19T20:00:00Z,17,power,influxdb-JWN-D8
,,0,2025-07-14T21:52:39Z,2025-07-20T21:52:39Z,2025-07-19T20:15:00Z,19,power,influxdb-JWN-D8
,,0,2025-07-14T21:52:39Z,2025-07-20T21:52:39Z,2025-07-19T20:30:00Z,18,power,influxdb-JWN-D8
,,0,2025-07-14T21:52:39Z,2025-07-20T21:52:39Z,2025-07-19T20:45:00Z,18,power,influxdb-JWN-D8
,,0,2025-07-14T21:52:39Z,2025-07-20T21:52:39Z,2025-07-19T21:15:00Z,17,power,influxdb-JWN-D8
,,0,2025-07-14T21:52:39Z,2025-07-20T21:52:39Z,2025-07-19T21:30:00Z,17,power,influxdb-JWN-D8
,,0,2025-07-14T21:52:39Z,2025-07-20T21:52:39Z,2025-07-19T21:45:00Z,18,power,influxdb-JWN-D8
,,0,2025-07-14T21:52:39Z,2025-07-20T21:52:39Z,2025-07-19T22:00:00Z,18,power,influxdb-JWN-D8
,,0,2025-07-14T21:52:39Z,2025-07-20T21:52:39Z,2025-07-19T22:30:00Z,18,power,influxdb-JWN-D8
,,0,2025-07-14T21:52:39Z,2025-07-20T21:52:39Z,2025-07-19T23:00:00Z,17,power,influxdb-JWN-D8
,,0,2025-07-14T21:52:39Z,2025-07-20T21:52:39Z,2025-07-19T23:15:00Z,17,power,influxdb-JWN-D8
,,0,2025-07-14T21:52:39Z,2025-07-20T21:52:39Z,2025-07-19T23:30:00Z,17,power,influxdb-JWN-D8
,,0,2025-07-14T21:52:39Z,2025-07-20T21:52:39Z,2025-07-20T00:00:00Z,18,power,influxdb-JWN-D8
,,0,2025-07-14T21:52:39Z,2025-07-20T21:52:39Z,2025-07-20T00:15:00Z,18,power,influxdb-JWN-D8
,,0,2025-07-14T21:52:39Z,2025-07-20T21:52:39Z,2025-07-20T00:30:00Z,19,power,influxdb-JWN-D8
,,0,2025-07-14T21:52:39Z,2025-07-20T21:52:39Z,2025-07-20T00:45:00Z,17,power,influxdb-JWN-D8
,,0,2025-07-14T21:52:39Z,2025-07-20T21:52:39Z,2025-07-20T01:00:00Z,18,power,influxdb-JWN-D8
,,0,2025-07-14T21:52:39Z,2025-07-20T21:52:39Z,2025-07-20T01:15:00Z,17,power,influxdb-JWN-D8
,,0,2025-07-14T21:52:39Z,2025-07-20T21:52:39Z,2025-07-20T01:30:00Z,16,power,influxdb-JWN-D8
,,0,2025-07-14T21:52:39Z,2025-07-20T21:52:39Z,2025-07-20T01:45:00Z,17,power,influxdb-JWN-D8
,,0,2025-07-14T21:52:39Z,2025-07-20T21:52:39Z,2025-07-20T02:00:00Z,18,power,influxdb-JWN-D8
,,0,2025-07-14T21:52:39Z,2025-07-20T21:52:39Z,2025-07-20T02:15:00Z,17,power,influxdb-JWN-D8
,,0,2025-07-14T21:52:39Z,2025-07-20T21:52:39Z,2025-07-20T04:15:00Z,17,power,influxdb-JWN-D8
,,0,2025-07-14T21:52:39Z,2025-07-20T21:52:39Z,2025-07-20T04:30:00Z,18,power,influxdb-JWN-D8
,,0,2025-07-14T21:52:39Z,2025-07-20T21:52:39Z,2025-07-20T05:00:00Z,17,power,influxdb-JWN-D8
,,0,2025-07-14T21:52:39Z,2025-07-20T21:52:39Z,2025-07-20T05:30:00Z,17,power,influxdb-JWN-D8
,,0,2025-07-14T21:52:39Z,2025-07-20T21:52:39Z,2025-07-20T05:45:00Z,18,power,influxdb-JWN-D8
,,0,2025-07-14T21:52:39Z,2025-07-20T21:52:39Z,2025-07-20T06:00:00Z,17,power,influxdb-JWN-D8
,,0,2025-07-14T21:52:39Z,2025-07-20T21:52:39Z,2025-07-20T06:30:00Z,17,power,influxdb-JWN-D8
,,0,2025-07-14T21:52:39Z,2025-07-20T21:52:39Z,2025-07-20T06:45:00Z,18,power,influxdb-JWN-D8
,,0,2025-07-14T21:52:39Z,2025-07-20T21:52:39Z,2025-07-20T07:00:00Z,17,power,influxdb-JWN-D8
,,0,2025-07-14T21:52:39Z,2025-07-20T21:52:39Z,2025-07-20T07:45:00Z,18,power,influxdb-JWN-D8
,,0,2025-07-14T21:52:39Z,2025-07-20T21:52:39Z,2025-07-20T08:00:00Z,18,power,influxdb-JWN-D8
,,0,2025-07-14T21:52:39Z,2025-07-20T21:52:39Z,2025-07-20T08:15:00Z,17,power,influxdb-JWN-D8
,,0,2025-07-14T21:52:39Z,2025-07-20T21:52:39Z,2025-07-20T08:30:00Z,19,power,influxdb-JWN-D8
,,0,2025-07-14T21:52:39Z,2025-07-20T21:52:39Z,2025-07-20T09:00:00Z,17,power,influxdb-JWN-D8
,,0,2025-07-14T21:52:39Z,2025-07-20T21:52:39Z,2025-07-20T09:30:00Z,17,power,influxdb-JWN-D8
,,0,2025-07-14T21:52:39Z,2025-07-20T21:52:39Z,2025-07-20T10:00:00Z,18,power,influxdb-JWN-D8
,,0,2025-07-14T21:52:39Z,2025-07-20T21:52:39Z,2025-07-20T10:45:00Z,18,power,influxdb-JWN-D8
,,0,2025-07-14T21:52:39Z,2025-07-20T21:52:39Z,2025-07-20T11:00:00Z,17,power,influxdb-JWN-D8
,,0,2025-07-14T21:52:39Z,2025-07-20T21:52:39Z,2025-07-20T11:15:00Z,19,power,influxdb-JWN-D8
,,0,2025-07-14T21:52:39Z,2025-07-20T21:52:39Z,2025-07-20T11:30:00Z,17,power,influxdb-JWN-D8
,,0,2025-07-14T21:52:39Z,2025-07-20T21:52:39Z,2025-07-20T12:00:00Z,18,power,influxdb-JWN-D8
,,0,2025-07-14T21:52:39Z,2025-07-20T21:52:39Z,2025-07-20T12:15:00Z,18,power,influxdb-JWN-D8
,,0,2025-07-14T21:52:39Z,2025-07-20T21:52:39Z,2025-07-20T12:30:00Z,17,power,influxdb-JWN-D8
,,0,2025-07-14T21:52:39Z,2025-07-20T21:52:39Z,2025-07-20T12:45:00Z,19,power,influxdb-JWN-D8
,,0,2025-07-14T21:52:39Z,2025-07-20T21:52:39Z,2025-07-20T13:15:00Z,18,power,influxdb-JWN-D8
,,0,2025-07-14T21:52:39Z,2025-07-20T21:52:39Z,2025-07-20T13:45:00Z,17,power,influxdb-JWN-D8
,,0,2025-07-14T21:52:39Z,2025-07-20T21:52:39Z,2025-07-20T14:00:00Z,18,power,influxdb-JWN-D8
,,0,2025-07-14T21:52:39Z,2025-07-20T21:52:39Z,2025-07-20T15:00:00Z,17,power,influxdb-JWN-D8
,,0,2025-07-14T21:52:39Z,2025-07-20T21:52:39Z,2025-07-20T15:15:00Z,17,power,influxdb-JWN-D8
,,0,2025-07-14T21:52:39Z,2025-07-20T21:52:39Z,2025-07-20T15:30:00Z,17,power,influxdb-JWN-D8
,,0,2025-07-14T21:52:39Z,2025-07-20T21:52:39Z,2025-07-20T15:45:00Z,21,power,influxdb-JWN-D8
,,0,2025-07-14T21:52:39Z,2025-07-20T21:52:39Z,2025-07-20T16:00:00Z,18,power,influxdb-JWN-D8
,,0,2025-07-14T21:52:39Z,2025-07-20T21:52:39Z,2025-07-20T16:15:00Z,18,power,influxdb-JWN-D8
,,0,2025-07-14T21:52:39Z,2025-07-20T21:52:39Z,2025-07-20T17:00:00Z,18,power,influxdb-JWN-D8
,,0,2025-07-14T21:52:39Z,2025-07-20T21:52:39Z,2025-07-20T17:15:00Z,18,power,influxdb-JWN-D8
,,0,2025-07-14T21:52:39Z,2025-07-20T21:52:39Z,2025-07-20T17:30:00Z,17,power,influxdb-JWN-D8
,,0,2025-07-14T21:52:39Z,2025-07-20T21:52:39Z,2025-07-20T17:45:00Z,17,power,influxdb-JWN-D8
,,0,2025-07-14T21:52:39Z,2025-07-20T21:52:39Z,2025-07-20T18:00:00Z,17,power,influxdb-JWN-D8
,,0,2025-07-14T21:52:39Z,2025-07-20T21:52:39Z,2025-07-20T18:30:00Z,17,power,influxdb-JWN-D8
,,0,2025-07-14T21:52:39Z,2025-07-20T21:52:39Z,2025-07-20T18:45:00Z,17,power,influxdb-JWN-D8
,,0,2025-07-14T21:52:39Z,2025-07-20T21:52:39Z,2025-07-20T19:00:00Z,19,power,influxdb-JWN-D8
,,0,2025-07-14T21:52:39Z,2025-07-20T21:52:39Z,2025-07-20T19:15:00Z,17,power,influxdb-JWN-D8
,,0,2025-07-14T21:52:39Z,2025-07-20T21:52:39Z,2025-07-20T19:30:00Z,17,power,influxdb-JWN-D8
,,0,2025-07-14T21:52:39Z,2025-07-20T21:52:39Z,2025-07-20T20:30:00Z,18,power,influxdb-JWN-D8
,,0,2025-07-14T21:52:39Z,2025-07-20T21:52:39Z,2025-07-20T20:45:00Z,18,power,influxdb-JWN-D8
,,0,2025-07-14T21:52:39Z,2025-07-20T21:52:39Z,2025-07-20T21:15:00Z,17,power,influxdb-JWN-D8
,,0,2025-07-14T21:52:39Z,2025-07-20T21:52:39Z,2025-07-20T21:30:00Z,17,power,influxdb-JWN-D8

