timestamp,power_value
2025-07-07 13:56:19.673000+00:00,62.0
2025-07-07 13:56:26.087000+00:00,62.0
2025-07-07 14:26:06.448000+00:00,69.0
2025-07-07 14:26:08.429000+00:00,69.0
2025-07-07 14:26:13.068000+00:00,69.0
2025-07-07 14:41:04.761000+00:00,60.0
2025-07-07 14:41:12.798000+00:00,60.0
2025-07-07 14:41:13.145000+00:00,60.0
2025-07-07 14:56:06.497000+00:00,62.0
2025-07-07 14:56:15.687000+00:00,62.0
2025-07-07 15:11:11.473000+00:00,60.0
2025-07-07 15:11:31.475000+00:00,60.0
2025-07-07 15:26:02.422000+00:00,60.0
2025-07-07 15:26:16.803000+00:00,60.0
2025-07-07 15:56:00.760000+00:00,88.0
2025-07-07 16:11:00.296000+00:00,89.0
2025-07-07 16:26:09.059000+00:00,86.0
2025-07-07 16:26:30.176000+00:00,86.0
2025-07-07 16:41:00.183000+00:00,89.0
2025-07-07 16:56:09.445000+00:00,85.0
2025-07-07 16:56:28.971000+00:00,85.0
2025-07-07 17:11:16.605000+00:00,89.0
2025-07-07 17:11:19.208000+00:00,89.0
2025-07-07 17:26:00.456000+00:00,103.0
2025-07-07 17:26:11.978000+00:00,103.0
2025-07-07 17:41:01.873000+00:00,104.0
2025-07-07 17:41:22.353000+00:00,104.0
2025-07-07 17:56:12.386000+00:00,35.0
2025-07-07 17:56:23.602000+00:00,35.0
2025-07-07 18:26:00.154000+00:00,17.0
2025-07-07 18:26:13.768000+00:00,17.0
2025-07-07 18:41:00.327000+00:00,18.0
2025-07-07 18:41:03.403000+00:00,18.0
2025-07-07 18:56:00.172000+00:00,17.0
2025-07-07 18:56:27.942000+00:00,17.0
2025-07-07 19:11:05.457000+00:00,17.0
2025-07-07 19:11:07.631000+00:00,17.0
2025-07-07 19:11:21.817000+00:00,17.0
2025-07-07 19:26:09.433000+00:00,17.0
2025-07-07 19:26:19.358000+00:00,17.0
2025-07-07 19:26:29.779000+00:00,17.0
2025-07-07 19:40:59.859000+00:00,19.0
2025-07-07 19:41:00.523000+00:00,19.0
2025-07-07 19:41:28.976000+00:00,19.0
2025-07-07 19:55:59.847000+00:00,17.0
2025-07-07 19:56:01.751000+00:00,17.0
2025-07-07 19:56:08.147000+00:00,17.0
2025-07-07 20:11:02.831000+00:00,17.0
2025-07-07 20:11:09.021000+00:00,17.0
2025-07-07 20:11:10.887000+00:00,17.0
2025-07-07 20:26:10.086000+00:00,20.0
2025-07-07 20:26:12.005000+00:00,20.0
2025-07-07 20:26:19.327000+00:00,20.0
2025-07-07 21:26:15.956000+00:00,22.0
2025-07-07 21:26:18.618000+00:00,22.0
2025-07-07 21:26:27.877000+00:00,22.0
2025-07-07 21:41:16.854000+00:00,16.0
2025-07-07 21:41:19.690000+00:00,16.0
2025-07-07 21:41:28.780000+00:00,16.0
2025-07-07 21:56:17.431000+00:00,18.0
2025-07-07 21:56:17.757000+00:00,18.0
2025-07-07 21:56:29.795000+00:00,18.0
2025-07-07 22:11:18.014000+00:00,17.0
2025-07-07 22:11:18.503000+00:00,17.0
2025-07-07 22:11:28.484000+00:00,17.0
2025-07-07 22:26:13.792000+00:00,17.0
2025-07-07 22:26:17.057000+00:00,17.0
2025-07-07 22:26:23.521000+00:00,17.0
2025-07-07 22:41:14.610000+00:00,18.0
2025-07-07 22:41:17.921000+00:00,18.0
2025-07-07 22:41:24.899000+00:00,18.0
2025-07-07 22:56:15.409000+00:00,18.0
2025-07-07 22:56:18.650000+00:00,18.0
2025-07-07 22:56:25.699000+00:00,18.0
2025-07-07 23:11:16.212000+00:00,17.0
2025-07-07 23:11:19.527000+00:00,17.0
2025-07-07 23:11:26.516000+00:00,17.0
2025-07-07 23:26:17.124000+00:00,17.0
2025-07-07 23:26:20.315000+00:00,17.0
2025-07-07 23:26:26.720000+00:00,17.0
2025-07-07 23:41:19.042000+00:00,19.0
2025-07-07 23:41:21.073000+00:00,19.0
2025-07-07 23:41:29.577000+00:00,19.0
2025-07-07 23:55:59.522000+00:00,17.0
2025-07-07 23:56:04.323000+00:00,17.0
2025-07-07 23:56:25.763000+00:00,17.0
2025-07-08 00:11:15.779000+00:00,17.0
2025-07-08 00:11:18.940000+00:00,17.0
2025-07-08 00:11:23.950000+00:00,17.0
2025-07-08 00:26:05.653000+00:00,17.0
2025-07-08 00:26:27.460000+00:00,17.0
2025-07-08 00:41:16.917000+00:00,16.0
2025-07-08 00:41:18.430000+00:00,16.0
2025-07-08 00:55:59.543000+00:00,17.0
2025-07-08 00:56:14.124000+00:00,17.0
2025-07-08 00:56:21.696000+00:00,17.0
2025-07-08 01:11:15.312000+00:00,18.0
2025-07-08 01:26:02.354000+00:00,17.0
2025-07-08 01:26:27.959000+00:00,17.0
2025-07-08 01:41:13.324000+00:00,18.0
2025-07-08 01:41:28.991000+00:00,18.0
2025-07-08 01:56:02.672000+00:00,20.0
2025-07-08 01:56:23.635000+00:00,20.0
2025-07-08 02:25:59.458000+00:00,17.0
2025-07-08 02:26:01.704000+00:00,17.0
2025-07-08 02:41:04.242000+00:00,18.0
2025-07-08 02:41:14.648000+00:00,18.0
2025-07-08 02:41:20.588000+00:00,18.0
2025-07-08 02:56:05.200000+00:00,17.0
2025-07-08 02:56:14.152000+00:00,17.0
2025-07-08 02:56:17.285000+00:00,17.0
2025-07-08 03:11:04.705000+00:00,17.0
2025-07-08 03:11:06.952000+00:00,17.0
2025-07-08 03:11:27.745000+00:00,17.0
2025-07-08 03:41:00.840000+00:00,17.0
2025-07-08 03:41:27.724000+00:00,17.0
2025-07-08 03:56:12.206000+00:00,17.0
2025-07-08 03:56:13.886000+00:00,17.0
2025-07-08 04:11:17.555000+00:00,16.0
2025-07-08 04:11:25.899000+00:00,16.0
2025-07-08 04:26:03.561000+00:00,18.0
2025-07-08 04:26:28.338000+00:00,18.0
2025-07-08 04:41:04.272000+00:00,18.0
2025-07-08 04:41:18.211000+00:00,18.0
2025-07-08 04:56:17.416000+00:00,19.0
2025-07-08 04:56:19.904000+00:00,19.0
2025-07-08 05:11:19.966000+00:00,17.0
2025-07-08 05:11:23.485000+00:00,17.0
2025-07-08 05:26:21.478000+00:00,16.0
2025-07-08 05:26:25.041000+00:00,16.0
2025-07-08 05:41:25.512000+00:00,18.0
2025-07-08 05:41:27.939000+00:00,18.0
2025-07-08 05:55:59.075000+00:00,17.0
2025-07-08 05:56:05.156000+00:00,17.0
2025-07-08 06:11:14.269000+00:00,18.0
2025-07-08 06:11:17.791000+00:00,18.0
2025-07-08 06:11:22.355000+00:00,18.0
2025-07-08 06:26:23.725000+00:00,18.0
2025-07-08 06:26:25.906000+00:00,18.0
2025-07-08 06:26:26.241000+00:00,18.0
2025-07-08 06:41:02.451000+00:00,17.0
2025-07-08 06:41:07.571000+00:00,17.0
2025-07-08 07:11:19.161000+00:00,16.0
2025-07-08 07:11:28.057000+00:00,16.0
2025-07-08 07:26:07.079000+00:00,17.0
2025-07-08 07:26:07.160000+00:00,17.0
2025-07-08 07:26:07.718000+00:00,17.0
2025-07-08 07:40:58.548000+00:00,17.0
2025-07-08 07:41:20.638000+00:00,17.0
2025-07-08 07:41:32.509000+00:00,17.0
2025-07-08 07:56:00.883000+00:00,16.0
2025-07-08 07:56:13.781000+00:00,16.0
2025-07-08 07:56:24.024000+00:00,16.0
2025-07-08 08:25:59.350000+00:00,112.0
2025-07-08 08:26:00.464000+00:00,112.0
2025-07-08 08:26:14.726000+00:00,112.0
2025-07-08 08:41:15.788000+00:00,19.0
2025-07-08 08:41:28.148000+00:00,19.0
2025-07-08 09:10:58.444000+00:00,66.0
2025-07-08 09:11:08.819000+00:00,66.0
2025-07-08 09:26:08.054000+00:00,66.0
2025-07-08 09:26:16.373000+00:00,66.0
2025-07-08 09:41:00.861000+00:00,80.0
2025-07-08 09:56:08.380000+00:00,60.0
2025-07-08 10:10:58.603000+00:00,73.0
2025-07-08 10:11:10.558000+00:00,73.0
2025-07-08 10:40:58.276000+00:00,99.0
2025-07-08 10:41:01.157000+00:00,99.0
2025-07-08 11:25:58.449000+00:00,114.0
2025-07-08 11:26:12.529000+00:00,114.0
2025-07-08 11:41:00.664000+00:00,96.0
2025-07-08 11:41:23.563000+00:00,96.0
2025-07-08 11:56:10.263000+00:00,62.0
2025-07-08 11:56:18.899000+00:00,62.0
2025-07-08 12:11:14.574000+00:00,173.0
2025-07-08 12:11:26.420000+00:00,173.0
2025-07-08 12:26:12.193000+00:00,115.0
2025-07-08 12:26:26.914000+00:00,115.0
2025-07-08 12:41:03.070000+00:00,74.0
2025-07-08 12:41:15.035000+00:00,74.0
2025-07-08 12:56:12.532000+00:00,110.0
2025-07-08 12:56:23.673000+00:00,110.0
2025-07-08 13:10:58.577000+00:00,60.0
2025-07-08 13:11:15.243000+00:00,60.0
2025-07-08 13:56:18.604000+00:00,70.0
2025-07-08 13:56:20.844000+00:00,70.0
2025-07-08 13:56:27.362000+00:00,70.0
2025-07-08 14:11:03.087000+00:00,60.0
2025-07-08 14:11:14.286000+00:00,60.0
2025-07-08 14:11:23.452000+00:00,60.0
2025-07-08 14:26:08.955000+00:00,58.0
2025-07-08 14:26:13.801000+00:00,58.0
2025-07-08 14:26:23.081000+00:00,58.0
2025-07-08 14:41:05.961000+00:00,60.0
2025-07-08 14:41:20.980000+00:00,60.0
2025-07-08 14:56:02.751000+00:00,51.0
2025-07-08 14:56:18.600000+00:00,51.0
2025-07-08 15:10:57.955000+00:00,53.0
2025-07-08 15:11:00.516000+00:00,53.0
2025-07-08 15:11:01.156000+00:00,53.0
2025-07-08 15:56:04.083000+00:00,93.0
2025-07-08 15:56:27.540000+00:00,93.0
2025-07-08 16:10:57.910000+00:00,73.0
2025-07-08 16:11:12.542000+00:00,73.0
2025-07-08 16:11:24.473000+00:00,73.0
2025-07-08 16:25:59.721000+00:00,68.0
2025-07-08 16:26:26.855000+00:00,68.0
2025-07-08 16:41:20.313000+00:00,67.0
2025-07-08 16:41:25.646000+00:00,67.0
2025-07-08 16:56:14.715000+00:00,99.0
2025-07-08 16:56:23.181000+00:00,99.0
2025-07-08 17:11:22.875000+00:00,17.0
2025-07-08 17:25:57.687000+00:00,17.0
2025-07-08 17:40:58.469000+00:00,17.0
2025-07-08 17:40:59.848000+00:00,17.0
2025-07-08 17:55:57.636000+00:00,16.0
2025-07-08 17:55:59.555000+00:00,16.0
2025-07-08 17:56:06.595000+00:00,16.0
2025-07-08 18:26:04.158000+00:00,18.0
2025-07-08 18:26:34.848000+00:00,18.0
2025-07-08 18:41:05.060000+00:00,17.0
2025-07-08 18:41:08.900000+00:00,17.0
2025-07-08 18:41:23.949000+00:00,17.0
2025-07-08 18:56:17.988000+00:00,17.0
2025-07-08 18:56:19.795000+00:00,17.0
2025-07-08 18:56:23.748000+00:00,17.0
2025-07-08 19:11:03.469000+00:00,18.0
2025-07-08 19:11:06.668000+00:00,18.0
2025-07-08 19:11:22.026000+00:00,18.0
2025-07-08 19:26:15.972000+00:00,16.0
2025-07-08 19:26:23.858000+00:00,16.0
2025-07-08 19:26:31.011000+00:00,16.0
2025-07-08 19:40:57.464000+00:00,18.0
2025-07-08 19:41:15.684000+00:00,18.0
2025-07-08 19:55:57.363000+00:00,16.0
2025-07-08 19:56:16.468000+00:00,16.0
2025-07-08 20:11:03.113000+00:00,17.0
2025-07-08 20:11:23.225000+00:00,17.0
2025-07-08 20:26:03.952000+00:00,17.0
2025-07-08 20:26:24.077000+00:00,17.0
2025-07-08 20:41:04.911000+00:00,18.0
2025-07-08 20:41:25.039000+00:00,18.0
2025-07-08 20:56:06.313000+00:00,17.0
2025-07-08 20:56:25.938000+00:00,17.0
2025-07-08 21:10:57.493000+00:00,18.0
2025-07-08 21:11:20.911000+00:00,18.0
2025-07-08 21:26:20.526000+00:00,17.0
2025-07-08 21:26:26.767000+00:00,17.0
2025-07-08 21:41:18.081000+00:00,17.0
2025-07-08 21:41:22.399000+00:00,17.0
2025-07-08 21:56:15.322000+00:00,17.0
2025-07-08 21:56:22.156000+00:00,17.0
2025-07-08 22:11:12.169000+00:00,17.0
2025-07-08 22:11:14.815000+00:00,17.0
2025-07-08 22:26:01.781000+00:00,17.0
2025-07-08 22:26:11.402000+00:00,17.0
2025-07-08 22:40:57.458000+00:00,18.0
2025-07-08 22:41:03.599000+00:00,18.0
2025-07-08 22:56:02.484000+00:00,17.0
2025-07-08 22:56:19.028000+00:00,17.0
2025-07-08 23:26:11.985000+00:00,17.0
2025-07-08 23:26:14.857000+00:00,17.0
2025-07-08 23:26:21.897000+00:00,17.0
2025-07-08 23:56:02.062000+00:00,16.0
2025-07-08 23:56:23.734000+00:00,16.0
2025-07-09 00:10:59.452000+00:00,17.0
2025-07-09 00:11:21.423000+00:00,17.0
2025-07-09 00:26:01.012000+00:00,16.0
2025-07-09 00:26:09.883000+00:00,16.0
2025-07-09 00:26:20.709000+00:00,16.0
2025-07-09 00:41:06.185000+00:00,17.0
2025-07-09 00:41:12.831000+00:00,17.0
2025-07-09 00:41:17.428000+00:00,17.0
2025-07-09 00:56:16.227000+00:00,17.0
2025-07-09 00:56:16.614000+00:00,17.0
2025-07-09 00:56:22.270000+00:00,17.0
2025-07-09 01:11:18.576000+00:00,17.0
2025-07-09 01:11:18.710000+00:00,17.0
2025-07-09 01:11:19.813000+00:00,17.0
2025-07-09 01:26:14.807000+00:00,17.0
2025-07-09 01:26:16.463000+00:00,17.0
2025-07-09 01:41:07.945000+00:00,18.0
2025-07-09 01:41:18.308000+00:00,18.0
2025-07-09 01:56:04.716000+00:00,17.0
2025-07-09 02:10:56.849000+00:00,18.0
2025-07-09 02:11:10.277000+00:00,18.0
2025-07-09 02:26:18.763000+00:00,18.0
2025-07-09 02:41:03.428000+00:00,18.0
2025-07-09 02:41:15.318000+00:00,18.0
2025-07-09 02:55:57.021000+00:00,17.0
2025-07-09 02:56:17.722000+00:00,17.0
2025-07-09 03:11:04.876000+00:00,17.0
2025-07-09 03:11:09.400000+00:00,17.0
2025-07-09 03:26:18.234000+00:00,18.0
2025-07-09 03:26:22.374000+00:00,18.0
2025-07-09 03:41:05.554000+00:00,17.0
2025-07-09 03:41:24.081000+00:00,17.0
2025-07-09 03:56:04.793000+00:00,17.0
2025-07-09 03:56:19.690000+00:00,17.0
2025-07-09 04:10:56.710000+00:00,16.0
2025-07-09 04:11:18.631000+00:00,16.0
2025-07-09 04:26:09.455000+00:00,17.0
2025-07-09 04:26:22.656000+00:00,17.0
2025-07-09 04:41:03.898000+00:00,18.0
2025-07-09 04:41:20.555000+00:00,18.0
2025-07-09 04:56:07.580000+00:00,16.0
2025-07-09 04:56:23.464000+00:00,16.0
2025-07-09 05:11:08.461000+00:00,17.0
2025-07-09 05:11:24.284000+00:00,17.0
2025-07-09 05:26:09.373000+00:00,19.0
2025-07-09 05:26:25.785000+00:00,19.0
2025-07-09 05:40:56.692000+00:00,17.0
2025-07-09 05:41:11.210000+00:00,17.0
2025-07-09 05:56:04.009000+00:00,17.0
2025-07-09 05:56:15.851000+00:00,17.0
2025-07-09 06:26:13.921000+00:00,17.0
2025-07-09 06:26:23.847000+00:00,17.0
2025-07-09 06:41:10.594000+00:00,17.0
2025-07-09 06:41:26.272000+00:00,17.0
2025-07-09 06:56:07.214000+00:00,17.0
2025-07-09 06:56:11.016000+00:00,17.0
2025-07-09 06:56:26.094000+00:00,17.0
2025-07-09 07:10:57.251000+00:00,17.0
2025-07-09 07:11:17.730000+00:00,17.0
2025-07-09 07:11:24.133000+00:00,17.0
2025-07-09 07:25:56.242000+00:00,20.0
2025-07-09 07:25:58.666000+00:00,20.0
2025-07-09 07:26:13.635000+00:00,20.0
2025-07-09 07:26:28.571000+00:00,17.0
2025-07-09 07:26:29.212000+00:00,17.0
2025-07-09 07:26:45.635000+00:00,17.0
2025-07-09 07:41:23.612000+00:00,17.0
2025-07-09 07:41:38.324000+00:00,17.0
2025-07-09 07:56:20.790000+00:00,16.0
2025-07-09 07:56:44.436000+00:00,16.0
2025-07-09 08:11:19.476000+00:00,17.0
2025-07-09 08:11:37.821000+00:00,17.0
2025-07-09 08:11:42.612000+00:00,17.0
2025-07-09 08:26:46.135000+00:00,17.0
2025-07-09 08:41:17.300000+00:00,80.0
2025-07-09 08:41:33.450000+00:00,80.0
2025-07-09 08:56:19.667000+00:00,68.0
2025-07-09 08:56:28.733000+00:00,68.0
2025-07-09 09:26:47.332000+00:00,55.0
2025-07-09 09:41:21.680000+00:00,53.0
2025-07-09 09:56:18.536000+00:00,59.0
2025-07-09 09:56:22.741000+00:00,59.0
2025-07-09 10:11:33.079000+00:00,58.0
2025-07-09 10:11:38.437000+00:00,58.0
2025-07-09 10:26:26.204000+00:00,73.0
2025-07-09 10:26:40.874000+00:00,73.0
2025-07-09 10:41:23.080000+00:00,53.0
2025-07-09 10:41:25.972000+00:00,53.0
2025-07-09 10:41:33.289000+00:00,53.0
2025-07-09 10:56:22.897000+00:00,58.0
2025-07-09 10:56:25.184000+00:00,58.0
2025-07-09 11:11:21.708000+00:00,64.0
2025-07-09 11:11:36.031000+00:00,64.0
2025-07-09 11:26:16.669000+00:00,58.0
2025-07-09 11:26:19.204000+00:00,58.0
2025-07-09 11:26:30.582000+00:00,58.0
2025-07-09 11:41:20.468000+00:00,56.0
2025-07-09 11:41:33.381000+00:00,56.0
2025-07-09 11:41:35.636000+00:00,56.0
2025-07-09 11:56:34.256000+00:00,57.0
2025-07-09 11:56:42.334000+00:00,57.0
2025-07-09 11:56:45.845000+00:00,57.0
2025-07-09 12:11:22.306000+00:00,64.0
2025-07-09 12:11:22.910000+00:00,64.0
2025-07-09 12:11:42.812000+00:00,64.0
2025-07-09 12:41:29.952000+00:00,40.0
2025-07-09 12:41:43.960000+00:00,40.0
2025-07-09 12:41:44.724000+00:00,40.0
2025-07-09 13:11:20.324000+00:00,56.0
2025-07-09 13:11:22.004000+00:00,56.0
2025-07-09 13:11:43.308000+00:00,56.0
2025-07-09 13:26:31.595000+00:00,59.0
2025-07-09 13:26:35.187000+00:00,59.0
2025-07-09 13:26:45.929000+00:00,59.0
2025-07-09 13:41:22.733000+00:00,68.0
2025-07-09 13:41:27.539000+00:00,68.0
2025-07-09 13:41:44.154000+00:00,68.0
2025-07-09 13:56:21.693000+00:00,52.0
2025-07-09 13:56:24.934000+00:00,52.0
2025-07-09 13:56:28.911000+00:00,52.0
2025-07-09 14:11:21.093000+00:00,57.0
2025-07-09 14:11:24.091000+00:00,57.0
2025-07-09 14:11:42.693000+00:00,57.0
2025-07-09 14:26:23.504000+00:00,62.0
2025-07-09 14:26:25.896000+00:00,62.0
2025-07-09 14:26:45.163000+00:00,62.0
2025-07-09 14:41:30.138000+00:00,60.0
2025-07-09 14:41:42.623000+00:00,60.0
2025-07-09 14:56:16.517000+00:00,69.0
2025-07-09 15:11:16.208000+00:00,55.0
2025-07-09 15:11:20.197000+00:00,55.0
2025-07-09 15:26:33.793000+00:00,53.0
2025-07-09 15:41:19.283000+00:00,53.0
2025-07-09 15:41:24.008000+00:00,53.0
2025-07-09 15:56:20.556000+00:00,54.0
2025-07-09 15:56:34.956000+00:00,54.0
2025-07-09 16:11:26.524000+00:00,18.0
2025-07-09 16:11:31.243000+00:00,18.0
2025-07-09 16:26:27.570000+00:00,17.0
2025-07-09 16:41:23.486000+00:00,16.0
2025-07-09 16:41:40.354000+00:00,16.0
2025-07-09 16:41:41.298000+00:00,16.0
2025-07-09 17:11:16.206000+00:00,17.0
2025-07-09 17:11:37.771000+00:00,17.0
2025-07-09 17:26:29.811000+00:00,18.0
2025-07-09 17:41:15.960000+00:00,16.0
2025-07-09 17:41:23.896000+00:00,16.0
2025-07-09 17:56:15.907000+00:00,17.0
2025-07-09 17:56:29.261000+00:00,17.0
2025-07-09 17:56:37.826000+00:00,17.0
2025-07-09 18:11:16.925000+00:00,17.0
2025-07-09 18:11:25.424000+00:00,17.0
2025-07-09 18:11:33.742000+00:00,17.0
2025-07-09 18:26:28.926000+00:00,18.0
2025-07-09 18:26:30.187000+00:00,18.0
2025-07-09 18:26:43.295000+00:00,18.0
2025-07-09 18:41:25.462000+00:00,17.0
2025-07-09 18:41:29.490000+00:00,17.0
2025-07-09 18:41:44.519000+00:00,17.0
2025-07-09 18:56:17.054000+00:00,19.0
2025-07-09 18:56:36.196000+00:00,19.0
2025-07-09 19:26:30.020000+00:00,25.0
2025-07-09 19:26:36.526000+00:00,25.0
2025-07-09 19:26:42.754000+00:00,25.0
2025-07-09 20:11:17.734000+00:00,17.0
2025-07-09 20:11:30.357000+00:00,17.0
2025-07-09 20:26:24.125000+00:00,19.0
2025-07-09 20:26:44.920000+00:00,19.0
2025-07-09 20:41:16.002000+00:00,17.0
2025-07-09 20:41:36.421000+00:00,17.0
2025-07-09 20:56:25.728000+00:00,18.0
2025-07-09 20:56:40.124000+00:00,18.0
2025-07-09 21:11:17.890000+00:00,17.0
2025-07-09 21:11:29.416000+00:00,17.0
2025-07-09 21:26:19.240000+00:00,17.0
2025-07-09 21:26:39.946000+00:00,17.0
2025-07-09 21:56:21.153000+00:00,17.0
2025-07-09 21:56:29.670000+00:00,17.0
2025-07-09 22:11:22.264000+00:00,17.0
2025-07-09 22:11:44.791000+00:00,17.0
2025-07-09 22:41:32.065000+00:00,18.0
2025-07-09 22:41:45.710000+00:00,18.0
2025-07-09 23:11:19.573000+00:00,17.0
2025-07-09 23:11:21.644000+00:00,17.0
2025-07-09 23:11:29.011000+00:00,17.0
2025-07-09 23:26:26.566000+00:00,17.0
2025-07-09 23:26:33.170000+00:00,17.0
2025-07-09 23:26:38.087000+00:00,17.0
2025-07-09 23:56:17.892000+00:00,17.0
2025-07-09 23:56:20.403000+00:00,17.0
2025-07-09 23:56:28.040000+00:00,17.0
2025-07-10 00:11:21.065000+00:00,18.0
2025-07-10 00:11:40.252000+00:00,18.0
2025-07-10 00:26:15.457000+00:00,17.0
2025-07-10 00:26:27.304000+00:00,17.0
2025-07-10 00:26:38.499000+00:00,17.0
2025-07-10 00:41:21.491000+00:00,17.0
2025-07-10 00:41:32.820000+00:00,17.0
2025-07-10 00:41:33.470000+00:00,17.0
2025-07-10 00:56:25.697000+00:00,18.0
2025-07-10 00:56:27.616000+00:00,18.0
2025-07-10 00:56:44.791000+00:00,18.0
2025-07-10 01:26:15.186000+00:00,17.0
2025-07-10 01:26:16.701000+00:00,17.0
2025-07-10 01:41:15.234000+00:00,18.0
2025-07-10 01:41:30.047000+00:00,18.0
2025-07-10 01:41:42.679000+00:00,18.0
2025-07-10 01:56:28.850000+00:00,16.0
2025-07-10 02:26:17.183000+00:00,16.0
2025-07-10 02:26:24.299000+00:00,16.0
2025-07-10 02:56:15.263000+00:00,18.0
2025-07-10 02:56:47.870000+00:00,18.0
2025-07-10 03:11:15.056000+00:00,16.0
2025-07-10 03:11:32.976000+00:00,16.0
2025-07-10 04:11:24.894000+00:00,17.0
2025-07-10 04:11:27.204000+00:00,17.0
2025-07-10 04:11:41.282000+00:00,17.0
2025-07-10 04:26:21.274000+00:00,17.0
2025-07-10 04:26:22.817000+00:00,17.0
2025-07-10 04:26:40.128000+00:00,17.0
2025-07-10 04:56:15.214000+00:00,17.0
2025-07-10 04:56:15.292000+00:00,17.0
2025-07-10 04:56:37.930000+00:00,17.0
2025-07-10 05:26:14.904000+00:00,17.0
2025-07-10 05:26:27.070000+00:00,17.0
2025-07-10 05:26:44.666000+00:00,17.0
2025-07-10 06:11:14.695000+00:00,16.0
2025-07-10 06:11:38.286000+00:00,16.0
2025-07-10 06:11:42.850000+00:00,16.0
2025-07-10 06:26:14.826000+00:00,17.0
2025-07-10 06:26:17.573000+00:00,17.0
2025-07-10 06:26:41.709000+00:00,17.0
2025-07-10 06:56:15.694000+00:00,17.0
2025-07-10 06:56:33.385000+00:00,17.0
2025-07-10 06:56:37.586000+00:00,17.0
2025-07-10 07:11:42.248000+00:00,17.0
2025-07-10 07:11:42.827000+00:00,17.0
2025-07-10 07:26:21.812000+00:00,17.0
2025-07-10 07:26:22.584000+00:00,17.0
2025-07-10 07:26:38.677000+00:00,17.0
2025-07-10 07:41:15.057000+00:00,17.0
2025-07-10 07:41:23.379000+00:00,17.0
2025-07-10 08:11:14.740000+00:00,17.0
2025-07-10 08:11:18.904000+00:00,17.0
2025-07-10 08:56:24.428000+00:00,82.0
2025-07-10 08:56:36.660000+00:00,82.0
2025-07-10 08:56:44.191000+00:00,82.0
2025-07-10 09:41:21.789000+00:00,52.0
2025-07-10 09:41:40.659000+00:00,52.0
2025-07-10 09:56:14.893000+00:00,59.0
2025-07-10 09:56:35.060000+00:00,59.0
2025-07-10 10:11:20.913000+00:00,55.0
2025-07-10 10:11:32.990000+00:00,55.0
2025-07-10 10:26:29.941000+00:00,59.0
2025-07-10 10:26:32.498000+00:00,59.0
2025-07-10 10:26:43.013000+00:00,59.0
2025-07-10 10:56:14.507000+00:00,55.0
2025-07-10 10:56:14.517000+00:00,55.0
2025-07-10 11:26:22.102000+00:00,57.0
2025-07-10 11:26:45.157000+00:00,57.0
2025-07-10 11:41:14.429000+00:00,52.0
2025-07-10 11:41:25.654000+00:00,52.0
2025-07-10 11:41:38.998000+00:00,52.0
2025-07-10 11:56:25.746000+00:00,55.0
2025-07-10 11:56:27.073000+00:00,55.0
2025-07-10 11:56:35.771000+00:00,55.0
2025-07-10 12:11:14.392000+00:00,40.0
2025-07-10 12:11:17.596000+00:00,40.0
2025-07-10 12:11:33.351000+00:00,40.0
2025-07-10 12:26:26.672000+00:00,43.0
2025-07-10 12:26:31.487000+00:00,43.0
2025-07-10 12:26:36.807000+00:00,43.0
2025-07-10 12:56:15.145000+00:00,41.0
2025-07-10 12:56:42.908000+00:00,41.0
2025-07-10 13:11:15.273000+00:00,37.0
2025-07-10 13:11:33.534000+00:00,37.0
2025-07-10 13:11:34.603000+00:00,37.0
2025-07-10 13:26:15.038000+00:00,54.0
2025-07-10 13:26:24.726000+00:00,54.0
2025-07-10 14:11:19.265000+00:00,57.0
2025-07-10 14:11:23.851000+00:00,57.0
2025-07-10 14:26:29.899000+00:00,56.0
2025-07-10 14:26:36.893000+00:00,56.0
2025-07-10 15:11:19.587000+00:00,48.0
2025-07-10 15:11:20.613000+00:00,48.0
2025-07-10 15:41:13.942000+00:00,53.0
2025-07-10 15:41:34.559000+00:00,53.0
2025-07-10 15:56:19.958000+00:00,60.0
2025-07-10 15:56:24.299000+00:00,60.0
2025-07-10 16:11:15.428000+00:00,39.0
2025-07-10 16:11:18.748000+00:00,39.0
2025-07-10 16:11:20.812000+00:00,39.0
2025-07-10 16:26:13.939000+00:00,53.0
2025-07-10 16:26:19.107000+00:00,53.0
2025-07-10 16:26:22.239000+00:00,53.0
2025-07-10 16:56:14.038000+00:00,17.0
2025-07-10 16:56:43.864000+00:00,17.0
2025-07-10 17:11:32.159000+00:00,18.0
2025-07-10 17:11:37.569000+00:00,18.0
2025-07-10 17:11:43.756000+00:00,18.0
2025-07-10 17:41:15.300000+00:00,17.0
2025-07-10 17:41:23.506000+00:00,17.0
2025-07-10 18:11:16.778000+00:00,18.0
2025-07-10 18:11:18.718000+00:00,18.0
2025-07-10 18:41:25.082000+00:00,18.0
2025-07-10 18:41:35.322000+00:00,18.0
2025-07-10 18:56:17.556000+00:00,17.0
2025-07-10 18:56:40.672000+00:00,17.0
2025-07-10 19:11:24.738000+00:00,21.0
2025-07-10 19:11:40.998000+00:00,21.0
2025-07-10 19:11:42.386000+00:00,21.0
2025-07-10 19:26:18.787000+00:00,17.0
2025-07-10 19:26:28.114000+00:00,17.0
2025-07-10 19:26:29.951000+00:00,17.0
2025-07-10 19:56:14.954000+00:00,17.0
2025-07-10 19:56:16.998000+00:00,17.0
2025-07-10 19:56:29.232000+00:00,17.0
2025-07-10 20:11:17.876000+00:00,17.0
2025-07-10 20:11:30.661000+00:00,17.0
2025-07-10 20:11:35.793000+00:00,17.0
2025-07-10 20:26:18.767000+00:00,18.0
2025-07-10 20:26:22.100000+00:00,18.0
2025-07-10 20:26:36.674000+00:00,18.0
2025-07-10 20:41:13.784000+00:00,17.0
2025-07-10 20:41:28.825000+00:00,17.0
2025-07-10 20:41:40.625000+00:00,17.0
2025-07-10 20:56:13.625000+00:00,17.0
2025-07-10 20:56:26.699000+00:00,17.0
2025-07-10 20:56:33.143000+00:00,17.0
2025-07-10 21:11:15.140000+00:00,18.0
2025-07-10 21:11:27.504000+00:00,18.0
2025-07-10 21:11:30.832000+00:00,18.0
2025-07-10 21:26:15.736000+00:00,17.0
2025-07-10 21:26:35.001000+00:00,17.0
2025-07-10 21:26:42.744000+00:00,17.0
2025-07-10 21:41:13.347000+00:00,17.0
2025-07-10 21:41:15.361000+00:00,17.0
2025-07-10 21:41:26.270000+00:00,17.0
2025-07-10 21:56:14.096000+00:00,16.0
2025-07-10 21:56:26.971000+00:00,16.0
2025-07-10 21:56:27.606000+00:00,16.0
2025-07-10 22:11:13.280000+00:00,17.0
2025-07-10 22:11:38.076000+00:00,17.0
2025-07-10 22:56:18.359000+00:00,17.0
2025-07-10 22:56:19.339000+00:00,17.0
2025-07-10 22:56:36.645000+00:00,17.0
2025-07-10 23:26:13.557000+00:00,17.0
2025-07-10 23:26:33.503000+00:00,17.0
2025-07-10 23:26:34.238000+00:00,17.0
2025-07-10 23:41:24.418000+00:00,17.0
2025-07-10 23:41:32.461000+00:00,17.0
2025-07-10 23:41:42.133000+00:00,17.0
2025-07-10 23:56:20.967000+00:00,17.0
2025-07-10 23:56:26.336000+00:00,17.0
2025-07-10 23:56:30.106000+00:00,17.0
2025-07-11 00:26:15.869000+00:00,18.0
2025-07-11 00:26:19.344000+00:00,18.0
2025-07-11 00:26:26.366000+00:00,18.0
2025-07-11 00:41:13.231000+00:00,17.0
2025-07-11 00:41:14.694000+00:00,17.0
2025-07-11 00:41:24.979000+00:00,17.0
2025-07-11 00:56:27.224000+00:00,18.0
2025-07-11 00:56:38.886000+00:00,18.0
2025-07-11 01:11:13.203000+00:00,18.0
2025-07-11 01:11:27.702000+00:00,18.0
2025-07-11 01:11:31.521000+00:00,18.0
2025-07-11 01:41:13.025000+00:00,17.0
2025-07-11 01:41:41.486000+00:00,17.0
2025-07-11 01:56:12.956000+00:00,17.0
2025-07-11 01:56:29.201000+00:00,17.0
2025-07-11 02:11:12.850000+00:00,17.0
2025-07-11 02:11:16.488000+00:00,17.0
2025-07-11 03:11:23.478000+00:00,17.0
2025-07-11 03:11:34.752000+00:00,17.0
2025-07-11 03:11:37.278000+00:00,17.0
2025-07-11 03:26:30.700000+00:00,17.0
2025-07-11 03:26:35.244000+00:00,17.0
2025-07-11 03:26:38.695000+00:00,17.0
2025-07-11 03:41:18.712000+00:00,18.0
2025-07-11 03:41:25.030000+00:00,18.0
2025-07-11 03:41:40.149000+00:00,18.0
2025-07-11 03:56:12.888000+00:00,18.0
2025-07-11 03:56:18.749000+00:00,18.0
2025-07-11 03:56:20.705000+00:00,18.0
2025-07-11 04:11:13.542000+00:00,17.0
2025-07-11 04:11:19.902000+00:00,17.0
2025-07-11 04:11:22.303000+00:00,17.0
2025-07-11 04:41:41.163000+00:00,18.0
2025-07-11 04:41:48.685000+00:00,18.0
2025-07-11 05:26:25.873000+00:00,18.0
2025-07-11 05:26:33.532000+00:00,18.0
2025-07-11 05:41:20.186000+00:00,17.0
2025-07-11 05:41:32.982000+00:00,17.0
2025-07-11 06:26:19.114000+00:00,17.0
2025-07-11 06:26:32.151000+00:00,17.0
2025-07-11 06:56:19.653000+00:00,18.0
2025-07-11 06:56:27.530000+00:00,18.0
2025-07-11 06:56:37.873000+00:00,18.0
2025-07-11 07:26:26.275000+00:00,18.0
2025-07-11 07:26:31.346000+00:00,18.0
2025-07-11 07:56:38.439000+00:00,17.0
2025-07-11 07:56:41.108000+00:00,17.0
2025-07-11 07:56:42.058000+00:00,17.0
2025-07-11 08:26:17.296000+00:00,17.0
2025-07-11 08:26:33.400000+00:00,17.0
2025-07-11 08:26:42.626000+00:00,17.0
2025-07-11 08:41:14.038000+00:00,100.0
2025-07-11 08:41:23.812000+00:00,100.0
2025-07-11 08:56:31.058000+00:00,61.0
2025-07-11 09:11:20.004000+00:00,58.0
2025-07-11 09:56:12.313000+00:00,59.0
2025-07-11 09:56:15.386000+00:00,59.0
2025-07-11 10:26:20.019000+00:00,57.0
2025-07-11 10:26:38.270000+00:00,57.0
2025-07-11 10:41:12.235000+00:00,55.0
2025-07-11 10:41:29.195000+00:00,55.0
2025-07-11 10:41:36.554000+00:00,55.0
2025-07-11 10:56:23.421000+00:00,56.0
2025-07-11 10:56:27.704000+00:00,56.0
2025-07-11 11:11:25.838000+00:00,57.0
2025-07-11 11:41:24.971000+00:00,53.0
2025-07-11 11:41:30.874000+00:00,53.0
2025-07-11 12:11:23.202000+00:00,59.0
2025-07-11 12:11:30.955000+00:00,59.0
2025-07-11 12:26:24.258000+00:00,38.0
2025-07-11 12:26:33.128000+00:00,38.0
2025-07-11 12:26:45.976000+00:00,38.0
2025-07-11 12:41:11.863000+00:00,39.0
2025-07-11 12:41:27.941000+00:00,39.0
2025-07-11 12:41:41.652000+00:00,39.0
2025-07-11 12:56:24.108000+00:00,38.0
2025-07-11 12:56:26.202000+00:00,38.0
2025-07-11 13:11:12.746000+00:00,39.0
2025-07-11 13:11:28.858000+00:00,39.0
2025-07-11 13:26:11.807000+00:00,38.0
2025-07-11 13:26:13.960000+00:00,38.0
2025-07-11 13:56:27.863000+00:00,50.0
2025-07-11 13:56:37.929000+00:00,50.0
2025-07-11 14:11:31.684000+00:00,51.0
2025-07-11 14:11:40.300000+00:00,51.0
2025-07-11 14:26:19.126000+00:00,58.0
2025-07-11 14:26:40.663000+00:00,58.0
2025-07-11 14:56:12.277000+00:00,58.0
2025-07-11 14:56:12.776000+00:00,58.0
2025-07-11 15:41:12.760000+00:00,58.0
2025-07-11 15:41:21.253000+00:00,58.0
2025-07-11 15:41:35.401000+00:00,58.0
2025-07-11 16:11:11.571000+00:00,17.0
2025-07-11 16:11:34.362000+00:00,17.0
2025-07-11 16:26:43.256000+00:00,18.0
2025-07-11 16:26:47.258000+00:00,18.0
2025-07-11 16:41:24.519000+00:00,18.0
2025-07-11 16:41:32.285000+00:00,18.0
2025-07-11 16:56:26.690000+00:00,17.0
2025-07-11 17:11:17.557000+00:00,17.0
2025-07-11 17:11:36.202000+00:00,17.0
2025-07-11 17:41:30.057000+00:00,18.0
2025-07-11 17:41:34.252000+00:00,18.0
2025-07-11 17:41:41.991000+00:00,18.0
2025-07-11 17:56:30.491000+00:00,17.0
2025-07-11 17:56:35.358000+00:00,17.0
2025-07-11 18:11:29.053000+00:00,19.0
2025-07-11 18:11:37.057000+00:00,19.0
2025-07-11 18:11:38.966000+00:00,19.0
2025-07-11 18:41:32.576000+00:00,17.0
2025-07-11 18:56:24.384000+00:00,19.0
2025-07-11 18:56:24.533000+00:00,19.0
2025-07-11 18:56:41.822000+00:00,19.0
2025-07-11 19:11:20.761000+00:00,17.0
2025-07-11 19:11:27.088000+00:00,17.0
2025-07-11 19:11:55.567000+00:00,17.0
2025-07-11 19:41:23.770000+00:00,17.0
2025-07-11 19:41:24.408000+00:00,17.0
2025-07-11 19:41:26.230000+00:00,17.0
2025-07-11 19:56:14.280000+00:00,17.0
2025-07-11 19:56:15.881000+00:00,17.0
2025-07-11 19:56:24.838000+00:00,17.0
2025-07-11 20:11:12.191000+00:00,17.0
2025-07-11 20:11:38.495000+00:00,17.0
2025-07-11 20:11:40.094000+00:00,17.0
2025-07-11 20:26:34.568000+00:00,18.0
2025-07-11 20:26:37.397000+00:00,18.0
2025-07-11 20:26:39.311000+00:00,18.0
2025-07-11 20:41:29.838000+00:00,17.0
2025-07-11 20:41:31.758000+00:00,17.0
2025-07-11 20:41:38.303000+00:00,17.0
2025-07-11 20:56:11.147000+00:00,17.0
2025-07-11 20:56:13.732000+00:00,17.0
2025-07-11 20:56:39.891000+00:00,17.0
2025-07-11 21:11:11.739000+00:00,17.0
2025-07-11 21:11:33.949000+00:00,17.0
2025-07-11 21:26:11.180000+00:00,17.0
2025-07-11 21:26:12.182000+00:00,17.0
2025-07-11 21:41:11.056000+00:00,17.0
2025-07-11 21:41:32.103000+00:00,17.0
2025-07-11 21:41:38.203000+00:00,17.0
2025-07-11 21:56:29.886000+00:00,17.0
2025-07-11 21:56:31.854000+00:00,17.0
2025-07-11 21:56:35.141000+00:00,17.0
2025-07-11 22:11:19.469000+00:00,17.0
2025-07-11 22:11:31.388000+00:00,17.0
2025-07-11 22:26:11.841000+00:00,18.0
2025-07-11 22:26:30.561000+00:00,18.0
2025-07-11 22:56:12.928000+00:00,18.0
2025-07-11 22:56:19.421000+00:00,18.0
2025-07-11 23:11:17.652000+00:00,17.0
2025-07-11 23:11:20.570000+00:00,17.0
2025-07-11 23:11:32.738000+00:00,17.0
2025-07-11 23:41:21.483000+00:00,18.0
2025-07-11 23:41:23.583000+00:00,18.0
2025-07-11 23:41:24.519000+00:00,18.0
2025-07-11 23:56:25.549000+00:00,17.0
2025-07-11 23:56:40.920000+00:00,17.0
2025-07-12 00:11:10.796000+00:00,18.0
2025-07-12 00:26:14.094000+00:00,18.0
2025-07-12 00:26:30.037000+00:00,18.0
2025-07-12 00:26:34.865000+00:00,18.0
2025-07-12 00:41:14.795000+00:00,18.0
2025-07-12 00:41:34.209000+00:00,18.0
2025-07-12 00:41:48.367000+00:00,18.0
2025-07-12 00:56:21.818000+00:00,17.0
2025-07-12 00:56:39.635000+00:00,17.0
2025-07-12 01:11:17.174000+00:00,17.0
2025-07-12 01:11:36.132000+00:00,17.0
2025-07-12 01:41:17.559000+00:00,18.0
2025-07-12 01:41:18.419000+00:00,18.0
2025-07-12 01:41:27.309000+00:00,18.0
2025-07-12 01:56:12.160000+00:00,17.0
2025-07-12 01:56:40.848000+00:00,17.0
2025-07-12 02:11:25.055000+00:00,17.0
2025-07-12 02:11:25.382000+00:00,17.0
2025-07-12 02:11:25.802000+00:00,17.0
2025-07-12 02:26:19.788000+00:00,18.0
2025-07-12 02:26:28.389000+00:00,18.0
2025-07-12 02:56:10.904000+00:00,17.0
2025-07-12 02:56:18.190000+00:00,17.0
2025-07-12 02:56:33.138000+00:00,17.0
2025-07-12 03:26:10.568000+00:00,17.0
2025-07-12 03:26:28.669000+00:00,17.0
2025-07-12 03:41:10.664000+00:00,17.0
2025-07-12 03:41:37.445000+00:00,17.0
2025-07-12 03:56:11.449000+00:00,17.0
2025-07-12 03:56:39.079000+00:00,17.0
2025-07-12 04:11:11.428000+00:00,17.0
2025-07-12 04:11:12.025000+00:00,17.0
2025-07-12 04:26:22.939000+00:00,17.0
2025-07-12 04:26:38.968000+00:00,17.0
2025-07-12 04:41:13.130000+00:00,18.0
2025-07-12 04:56:40.218000+00:00,18.0
2025-07-12 04:56:44.052000+00:00,18.0
2025-07-12 05:11:10.327000+00:00,17.0
2025-07-12 05:11:37.470000+00:00,17.0
2025-07-12 05:41:31.535000+00:00,19.0
2025-07-12 05:41:32.815000+00:00,19.0
2025-07-12 05:56:26.940000+00:00,17.0
2025-07-12 05:56:30.799000+00:00,17.0
2025-07-12 06:11:10.436000+00:00,18.0
2025-07-12 06:11:13.642000+00:00,18.0
2025-07-12 06:11:43.716000+00:00,18.0
2025-07-12 06:26:22.578000+00:00,17.0
2025-07-12 06:26:40.144000+00:00,17.0
2025-07-12 06:26:41.735000+00:00,17.0
2025-07-12 06:41:10.222000+00:00,17.0
2025-07-12 06:41:12.149000+00:00,17.0
2025-07-12 06:41:44.064000+00:00,17.0
2025-07-12 06:56:22.004000+00:00,17.0
2025-07-12 06:56:36.244000+00:00,17.0
2025-07-12 07:11:15.655000+00:00,18.0
2025-07-12 07:11:19.490000+00:00,18.0
2025-07-12 07:11:28.119000+00:00,18.0
2025-07-12 07:26:26.451000+00:00,18.0
2025-07-12 07:26:29.522000+00:00,18.0
2025-07-12 07:41:10.125000+00:00,17.0
2025-07-12 07:41:19.296000+00:00,17.0
2025-07-12 07:56:11.335000+00:00,18.0
2025-07-12 07:56:27.456000+00:00,18.0
2025-07-12 07:56:41.102000+00:00,18.0
2025-07-12 08:11:10.054000+00:00,17.0
2025-07-12 08:26:16.279000+00:00,17.0
2025-07-12 08:26:34.721000+00:00,17.0
2025-07-12 08:26:37.440000+00:00,17.0
2025-07-12 08:41:14.351000+00:00,16.0
2025-07-12 08:41:39.777000+00:00,16.0
2025-07-12 08:56:14.932000+00:00,17.0
2025-07-12 08:56:29.327000+00:00,17.0
2025-07-12 09:11:32.984000+00:00,18.0
2025-07-12 09:26:15.957000+00:00,18.0
2025-07-12 09:26:43.376000+00:00,18.0
2025-07-12 09:41:10.242000+00:00,18.0
2025-07-12 09:41:35.057000+00:00,18.0
2025-07-12 09:41:41.894000+00:00,18.0
2025-07-12 09:56:23.453000+00:00,17.0
2025-07-12 09:56:26.353000+00:00,17.0
2025-07-12 10:11:09.854000+00:00,17.0
2025-07-12 10:11:23.751000+00:00,17.0
2025-07-12 10:26:34.344000+00:00,17.0
2025-07-12 10:26:41.383000+00:00,17.0
2025-07-12 10:56:29.171000+00:00,17.0
2025-07-12 10:56:37.291000+00:00,17.0
2025-07-12 11:26:13.502000+00:00,18.0
2025-07-12 11:26:14.768000+00:00,18.0
2025-07-12 11:26:22.375000+00:00,18.0
2025-07-12 11:41:11.994000+00:00,18.0
2025-07-12 11:41:13.277000+00:00,18.0
2025-07-12 11:41:21.592000+00:00,18.0
2025-07-12 11:56:11.055000+00:00,17.0
2025-07-12 11:56:20.943000+00:00,17.0
2025-07-12 11:56:31.184000+00:00,17.0
2025-07-12 12:11:29.377000+00:00,18.0
2025-07-12 12:41:16.904000+00:00,17.0
2025-07-12 12:41:22.538000+00:00,17.0
2025-07-12 12:41:28.654000+00:00,17.0
2025-07-12 12:56:17.265000+00:00,19.0
2025-07-12 12:56:33.871000+00:00,19.0
2025-07-12 13:11:22.282000+00:00,22.0
2025-07-12 13:11:43.714000+00:00,22.0
2025-07-12 13:56:21.533000+00:00,17.0
2025-07-12 13:56:30.096000+00:00,17.0
2025-07-12 14:11:09.681000+00:00,17.0
2025-07-12 14:11:10.701000+00:00,17.0
2025-07-12 14:11:17.301000+00:00,17.0
2025-07-12 14:26:19.683000+00:00,17.0
2025-07-12 14:26:20.796000+00:00,17.0
2025-07-12 14:41:22.001000+00:00,18.0
2025-07-12 14:41:30.814000+00:00,18.0
2025-07-12 14:41:38.695000+00:00,18.0
2025-07-12 14:56:27.773000+00:00,18.0
2025-07-12 14:56:32.221000+00:00,18.0
2025-07-12 14:56:35.862000+00:00,18.0
2025-07-12 15:26:15.862000+00:00,18.0
2025-07-12 15:41:09.673000+00:00,17.0
2025-07-12 15:56:19.677000+00:00,17.0
2025-07-12 15:56:32.926000+00:00,17.0
2025-07-12 16:11:09.591000+00:00,17.0
2025-07-12 16:26:14.764000+00:00,17.0
2025-07-12 16:26:16.745000+00:00,17.0
2025-07-12 16:26:33.124000+00:00,17.0
2025-07-12 16:41:23.351000+00:00,18.0
2025-07-12 16:41:23.859000+00:00,18.0
2025-07-12 16:56:19.030000+00:00,17.0
2025-07-12 16:56:25.447000+00:00,17.0
2025-07-12 16:56:27.071000+00:00,17.0
2025-07-12 17:11:22.414000+00:00,18.0
2025-07-12 17:11:27.727000+00:00,18.0
2025-07-12 17:11:34.572000+00:00,18.0
2025-07-12 17:26:09.444000+00:00,17.0
2025-07-12 17:26:09.769000+00:00,17.0
2025-07-12 17:41:21.145000+00:00,17.0
2025-07-12 17:41:21.476000+00:00,17.0
2025-07-12 17:41:32.006000+00:00,17.0
2025-07-12 17:56:18.419000+00:00,18.0
2025-07-12 17:56:28.261000+00:00,18.0
2025-07-12 17:56:30.579000+00:00,18.0
2025-07-12 18:26:18.902000+00:00,17.0
2025-07-12 18:26:22.269000+00:00,17.0
2025-07-12 18:26:25.128000+00:00,17.0
2025-07-12 18:41:19.981000+00:00,17.0
2025-07-12 18:41:33.741000+00:00,17.0
2025-07-12 18:56:10.910000+00:00,17.0
2025-07-12 18:56:54.058000+00:00,17.0
2025-07-12 19:26:13.197000+00:00,18.0
2025-07-12 19:26:15.273000+00:00,18.0
2025-07-12 19:26:22.136000+00:00,18.0
2025-07-12 19:41:11.559000+00:00,17.0
2025-07-12 19:41:20.195000+00:00,17.0
2025-07-12 19:41:23.075000+00:00,17.0
2025-07-12 19:56:09.242000+00:00,17.0
2025-07-12 19:56:21.315000+00:00,17.0
2025-07-12 19:56:24.835000+00:00,17.0
2025-07-12 20:11:09.001000+00:00,17.0
2025-07-12 20:11:16.966000+00:00,17.0
2025-07-12 20:11:22.112000+00:00,17.0
2025-07-12 20:26:15.571000+00:00,17.0
2025-07-12 20:26:18.129000+00:00,17.0
2025-07-12 20:26:36.724000+00:00,17.0
2025-07-12 20:41:12.214000+00:00,17.0
2025-07-12 20:41:16.066000+00:00,17.0
2025-07-12 20:41:37.737000+00:00,17.0
2025-07-12 20:56:09+00:00,18.0
2025-07-12 20:56:19.733000+00:00,18.0
2025-07-12 21:11:11.188000+00:00,17.0
2025-07-12 21:11:22.135000+00:00,17.0
2025-07-12 21:26:28.703000+00:00,18.0
2025-07-12 21:26:33.814000+00:00,18.0
2025-07-12 21:26:36.374000+00:00,18.0
2025-07-12 21:41:10.621000+00:00,17.0
2025-07-12 21:41:12.860000+00:00,17.0
2025-07-12 21:41:25.984000+00:00,17.0
2025-07-12 21:56:17.490000+00:00,18.0
2025-07-12 21:56:30.290000+00:00,18.0
2025-07-12 22:11:33.527000+00:00,17.0
2025-07-12 22:11:36.401000+00:00,17.0
2025-07-12 22:26:22.803000+00:00,17.0
2025-07-12 22:26:40.096000+00:00,17.0
2025-07-12 22:41:15.606000+00:00,19.0
2025-07-12 22:41:20.404000+00:00,19.0
2025-07-12 22:56:08.886000+00:00,17.0
2025-07-12 22:56:11.121000+00:00,17.0
2025-07-12 22:56:37.363000+00:00,17.0
2025-07-12 23:11:15.455000+00:00,18.0
2025-07-12 23:11:16.071000+00:00,18.0
2025-07-12 23:11:18.642000+00:00,18.0
2025-07-12 23:26:08.840000+00:00,18.0
2025-07-12 23:26:12.044000+00:00,18.0
2025-07-12 23:26:18.441000+00:00,18.0
2025-07-12 23:41:26.673000+00:00,17.0
2025-07-12 23:41:52.191000+00:00,17.0
2025-07-12 23:56:15.698000+00:00,17.0
2025-07-12 23:56:29.789000+00:00,17.0
2025-07-13 00:11:24.832000+00:00,16.0
2025-07-13 00:26:14.071000+00:00,17.0
2025-07-13 00:26:27.670000+00:00,17.0
2025-07-13 00:41:36.800000+00:00,17.0
2025-07-13 00:41:38.666000+00:00,17.0
2025-07-13 01:11:20.339000+00:00,18.0
2025-07-13 01:11:32.177000+00:00,18.0
2025-07-13 01:26:14.421000+00:00,18.0
2025-07-13 01:26:17.299000+00:00,18.0
2025-07-13 01:26:37.402000+00:00,18.0
2025-07-13 01:56:16.418000+00:00,18.0
2025-07-13 01:56:23.539000+00:00,18.0
2025-07-13 02:26:17.923000+00:00,17.0
2025-07-13 02:26:37.154000+00:00,17.0
2025-07-13 02:26:39.767000+00:00,17.0
2025-07-13 02:41:08.491000+00:00,16.0
2025-07-13 02:41:27.370000+00:00,16.0
2025-07-13 02:41:30.885000+00:00,16.0
2025-07-13 02:56:16.297000+00:00,18.0
2025-07-13 02:56:20.891000+00:00,18.0
2025-07-13 03:11:08.732000+00:00,17.0
2025-07-13 03:11:31.160000+00:00,17.0
2025-07-13 03:26:13.814000+00:00,17.0
2025-07-13 03:26:27.710000+00:00,17.0
2025-07-13 03:41:15.312000+00:00,17.0
2025-07-13 03:41:19.062000+00:00,17.0
2025-07-13 03:56:10.066000+00:00,19.0
2025-07-13 03:56:16.476000+00:00,19.0
2025-07-13 03:56:26.218000+00:00,19.0
2025-07-13 04:26:17.821000+00:00,17.0
2025-07-13 04:26:34.070000+00:00,17.0
2025-07-13 04:56:08.289000+00:00,17.0
2025-07-13 04:56:22.850000+00:00,17.0
2025-07-13 05:11:08.550000+00:00,17.0
2025-07-13 05:11:15.243000+00:00,17.0
2025-07-13 05:26:25.386000+00:00,17.0
2025-07-13 05:26:37.172000+00:00,17.0
2025-07-13 05:41:11.459000+00:00,18.0
2025-07-13 05:41:32.611000+00:00,18.0
2025-07-13 05:56:28.089000+00:00,17.0
2025-07-13 05:56:37.568000+00:00,17.0
2025-07-13 06:26:08.098000+00:00,19.0
2025-07-13 06:26:14.342000+00:00,19.0
2025-07-13 06:41:08.277000+00:00,17.0
2025-07-13 06:41:24.577000+00:00,17.0
2025-07-13 07:11:08.140000+00:00,17.0
2025-07-13 07:11:22.384000+00:00,17.0
2025-07-13 07:26:27.665000+00:00,18.0
2025-07-13 07:41:08.025000+00:00,18.0
2025-07-13 07:41:13.777000+00:00,18.0
2025-07-13 07:56:21.399000+00:00,18.0
2025-07-13 07:56:30.811000+00:00,18.0
2025-07-13 08:11:08.287000+00:00,17.0
2025-07-13 08:11:11.170000+00:00,17.0
2025-07-13 08:26:14.275000+00:00,17.0
2025-07-13 08:26:19.454000+00:00,17.0
2025-07-13 08:56:18.818000+00:00,17.0
2025-07-13 08:56:25.701000+00:00,17.0
2025-07-13 08:56:35.160000+00:00,17.0
2025-07-13 09:11:25.776000+00:00,17.0
2025-07-13 09:11:34.082000+00:00,17.0
2025-07-13 09:26:34.281000+00:00,17.0
2025-07-13 09:26:42.961000+00:00,17.0
2025-07-13 09:41:07.839000+00:00,19.0
2025-07-13 10:26:07.839000+00:00,18.0
2025-07-13 10:26:11.013000+00:00,18.0
2025-07-13 10:26:36.960000+00:00,18.0
2025-07-13 10:41:17.291000+00:00,17.0
2025-07-13 10:41:31.047000+00:00,17.0
2025-07-13 10:41:31.365000+00:00,17.0
2025-07-13 10:56:08.013000+00:00,17.0
2025-07-13 10:56:31.652000+00:00,17.0
2025-07-13 10:56:36.285000+00:00,17.0
2025-07-13 11:11:11.720000+00:00,16.0
2025-07-13 11:11:20.452000+00:00,16.0
2025-07-13 11:11:25.569000+00:00,16.0
2025-07-13 11:26:12.364000+00:00,18.0
2025-07-13 11:26:14.120000+00:00,18.0
2025-07-13 11:26:39+00:00,18.0
2025-07-13 11:41:23.321000+00:00,17.0
2025-07-13 11:41:36.119000+00:00,17.0
2025-07-13 11:56:20.595000+00:00,17.0
2025-07-13 11:56:34.008000+00:00,17.0
2025-07-13 12:11:17.085000+00:00,16.0
2025-07-13 12:11:22.992000+00:00,16.0
2025-07-13 12:26:07.787000+00:00,18.0
2025-07-13 12:26:25.389000+00:00,18.0
2025-07-13 12:41:13.373000+00:00,17.0
2025-07-13 12:41:37.048000+00:00,17.0
2025-07-13 12:56:07.413000+00:00,17.0
2025-07-13 12:56:27.165000+00:00,17.0
2025-07-13 13:11:10.759000+00:00,18.0
2025-07-13 13:11:13.783000+00:00,18.0
2025-07-13 13:11:29.636000+00:00,18.0
2025-07-13 13:26:22.148000+00:00,17.0
2025-07-13 13:26:26.610000+00:00,17.0
2025-07-13 13:26:35.265000+00:00,17.0
2025-07-13 13:41:22.671000+00:00,18.0
2025-07-13 13:41:31.975000+00:00,18.0
2025-07-13 13:56:08.826000+00:00,18.0
2025-07-13 13:56:12.655000+00:00,18.0
2025-07-13 14:11:10.300000+00:00,17.0
2025-07-13 14:11:35.791000+00:00,17.0
2025-07-13 14:11:41.942000+00:00,17.0
2025-07-13 14:26:14.264000+00:00,17.0
2025-07-13 14:26:17.814000+00:00,17.0
2025-07-13 14:26:20.981000+00:00,17.0
2025-07-13 14:41:10.390000+00:00,18.0
2025-07-13 14:41:12.864000+00:00,18.0
2025-07-13 14:41:37.167000+00:00,18.0
2025-07-13 15:11:08.781000+00:00,17.0
2025-07-13 15:11:17.003000+00:00,17.0
2025-07-13 15:26:10.862000+00:00,17.0
2025-07-13 15:26:15.239000+00:00,17.0
2025-07-13 15:26:30.141000+00:00,17.0
2025-07-13 15:41:41.025000+00:00,19.0
2025-07-13 15:56:15.368000+00:00,18.0
2025-07-13 15:56:21.405000+00:00,18.0
2025-07-13 16:11:09.446000+00:00,19.0
2025-07-13 16:11:11.945000+00:00,19.0
2025-07-13 16:26:18.841000+00:00,17.0
2025-07-13 16:26:25.433000+00:00,17.0
2025-07-13 16:26:28.433000+00:00,17.0
2025-07-13 16:41:20.434000+00:00,17.0
2025-07-13 16:41:21.810000+00:00,17.0
2025-07-13 16:41:25.260000+00:00,17.0
2025-07-13 16:56:34.912000+00:00,18.0
2025-07-13 16:56:36.612000+00:00,18.0
2025-07-13 16:56:38.627000+00:00,18.0
2025-07-13 17:11:14.999000+00:00,18.0
2025-07-13 17:26:15.128000+00:00,17.0
2025-07-13 17:26:39.249000+00:00,17.0
2025-07-13 18:41:06.945000+00:00,17.0
2025-07-13 18:41:22.657000+00:00,17.0
2025-07-13 19:11:06.857000+00:00,17.0
2025-07-13 19:11:16.725000+00:00,17.0
2025-07-13 19:11:28.315000+00:00,17.0
2025-07-13 19:26:19.115000+00:00,17.0
2025-07-13 19:26:23.914000+00:00,17.0
2025-07-13 19:26:26.154000+00:00,17.0
2025-07-13 19:41:10.764000+00:00,17.0
2025-07-13 19:41:13.074000+00:00,17.0
2025-07-13 19:56:13.941000+00:00,18.0
2025-07-13 19:56:19.381000+00:00,18.0
2025-07-13 20:11:12.971000+00:00,17.0
2025-07-13 20:11:14.795000+00:00,17.0
2025-07-13 20:26:07.261000+00:00,17.0
2025-07-13 20:26:08.375000+00:00,17.0
2025-07-13 20:26:21.446000+00:00,17.0
2025-07-13 21:11:13.344000+00:00,18.0
2025-07-13 21:11:24.841000+00:00,18.0
2025-07-13 21:26:12.618000+00:00,16.0
2025-07-13 21:26:14.339000+00:00,16.0
2025-07-13 21:26:27.066000+00:00,16.0
2025-07-13 21:41:06.824000+00:00,18.0
2025-07-13 21:41:16.426000+00:00,18.0
2025-07-13 21:41:31.784000+00:00,18.0
2025-07-13 21:56:06.837000+00:00,17.0
2025-07-13 21:56:35.317000+00:00,17.0
2025-07-13 22:26:15.590000+00:00,17.0
2025-07-13 22:26:30.309000+00:00,17.0
2025-07-13 22:26:36.068000+00:00,17.0
2025-07-13 22:41:13.815000+00:00,17.0
2025-07-13 22:41:24.487000+00:00,17.0
2025-07-13 22:56:16.039000+00:00,17.0
2025-07-13 22:56:25.163000+00:00,17.0
2025-07-13 23:11:13.031000+00:00,17.0
2025-07-13 23:11:32.470000+00:00,17.0
2025-07-13 23:26:21.162000+00:00,16.0
2025-07-13 23:26:36.512000+00:00,16.0
2025-07-13 23:41:12.502000+00:00,17.0
2025-07-13 23:41:12.621000+00:00,17.0
2025-07-13 23:41:44.503000+00:00,17.0
2025-07-13 23:56:27.269000+00:00,18.0
2025-07-13 23:56:27.933000+00:00,18.0
2025-07-13 23:56:29.534000+00:00,18.0
2025-07-14 00:11:06.543000+00:00,19.0
2025-07-14 00:11:11.680000+00:00,19.0
2025-07-14 00:11:26.182000+00:00,19.0
2025-07-14 00:26:14.816000+00:00,18.0
2025-07-14 00:26:27.346000+00:00,18.0
2025-07-14 00:26:29.814000+00:00,18.0
2025-07-14 00:41:12.875000+00:00,17.0
2025-07-14 00:56:11.177000+00:00,16.0
2025-07-14 00:56:23.274000+00:00,16.0
2025-07-14 01:11:06.316000+00:00,17.0
2025-07-14 01:11:16.468000+00:00,17.0
2025-07-14 01:26:13.959000+00:00,17.0
2025-07-14 01:26:28.057000+00:00,17.0
2025-07-14 01:41:08.158000+00:00,18.0
2025-07-14 01:41:23.428000+00:00,18.0
2025-07-14 01:41:27.591000+00:00,18.0
2025-07-14 01:56:36.075000+00:00,17.0
2025-07-14 02:11:11.039000+00:00,17.0
2025-07-14 02:11:33.038000+00:00,17.0
2025-07-14 02:26:06.191000+00:00,17.0
2025-07-14 02:26:33.849000+00:00,17.0
2025-07-14 02:56:15.729000+00:00,16.0
2025-07-14 02:56:28.083000+00:00,16.0
2025-07-14 03:11:14.452000+00:00,16.0
2025-07-14 03:11:27.247000+00:00,16.0
2025-07-14 03:26:14.606000+00:00,16.0
2025-07-14 03:41:27.879000+00:00,17.0
2025-07-14 03:41:28.081000+00:00,17.0
2025-07-14 03:41:32.520000+00:00,17.0
2025-07-14 03:56:29.319000+00:00,17.0
2025-07-14 03:56:32.187000+00:00,17.0
2025-07-14 03:56:35.397000+00:00,17.0
2025-07-14 04:11:08.102000+00:00,17.0
2025-07-14 04:11:36.116000+00:00,17.0
2025-07-14 04:26:09.885000+00:00,17.0
2025-07-14 04:26:25.775000+00:00,17.0
2025-07-14 04:26:27.497000+00:00,17.0
2025-07-14 04:41:14.198000+00:00,17.0
2025-07-14 04:41:16.277000+00:00,17.0
2025-07-14 04:41:20.921000+00:00,17.0
2025-07-14 04:56:11.499000+00:00,17.0
2025-07-14 04:56:14.342000+00:00,17.0
2025-07-14 05:11:15.731000+00:00,17.0
2025-07-14 05:11:30.804000+00:00,17.0
2025-07-14 05:26:13.138000+00:00,17.0
2025-07-14 05:26:21.112000+00:00,17.0
2025-07-14 05:41:08.705000+00:00,17.0
2025-07-14 05:41:22.145000+00:00,17.0
2025-07-14 05:41:36.171000+00:00,17.0
2025-07-14 05:56:21.447000+00:00,18.0
2025-07-14 05:56:35.418000+00:00,18.0
2025-07-14 06:11:25.963000+00:00,16.0
2025-07-14 06:11:27.499000+00:00,16.0
2025-07-14 06:26:05.744000+00:00,18.0
2025-07-14 06:26:23.289000+00:00,18.0
2025-07-14 06:41:23.111000+00:00,18.0
2025-07-14 06:41:34.650000+00:00,18.0
2025-07-14 06:56:10.551000+00:00,17.0
2025-07-14 06:56:16.006000+00:00,17.0
2025-07-14 06:56:22.442000+00:00,17.0
2025-07-14 07:11:05.849000+00:00,18.0
2025-07-14 07:11:19.264000+00:00,18.0
2025-07-14 07:11:31.450000+00:00,18.0
2025-07-14 07:41:06.605000+00:00,18.0
2025-07-14 07:41:11.396000+00:00,18.0
2025-07-14 07:41:33.512000+00:00,18.0
2025-07-14 07:56:16.075000+00:00,18.0
2025-07-14 07:56:16.575000+00:00,18.0
2025-07-14 08:11:20.976000+00:00,18.0
2025-07-14 08:11:25.687000+00:00,18.0
2025-07-14 08:11:37.956000+00:00,18.0
2025-07-14 08:41:05.589000+00:00,102.0
2025-07-14 08:41:12.725000+00:00,102.0
2025-07-14 08:56:12.406000+00:00,85.0
2025-07-14 09:11:05.683000+00:00,102.0
2025-07-14 09:11:07.109000+00:00,102.0
2025-07-14 09:26:06.498000+00:00,54.0
2025-07-14 09:26:39.464000+00:00,54.0
2025-07-14 09:41:22.701000+00:00,56.0
2025-07-14 09:41:33.260000+00:00,56.0
2025-07-14 09:56:09.924000+00:00,53.0
2025-07-14 09:56:29.900000+00:00,53.0
2025-07-14 10:11:05.415000+00:00,59.0
2025-07-14 10:11:17.096000+00:00,59.0
2025-07-14 10:11:19.990000+00:00,59.0
2025-07-14 10:26:07.217000+00:00,59.0
2025-07-14 10:26:16.452000+00:00,59.0
2025-07-14 10:41:05.726000+00:00,58.0
2025-07-14 10:41:33.569000+00:00,58.0
2025-07-14 10:56:19.654000+00:00,56.0
2025-07-14 10:56:25.687000+00:00,56.0
2025-07-14 11:11:24.623000+00:00,54.0
2025-07-14 11:11:33.262000+00:00,54.0
2025-07-14 11:26:10.654000+00:00,90.0
2025-07-14 11:26:17.940000+00:00,90.0
2025-07-14 11:41:05.313000+00:00,51.0
2025-07-14 11:41:18.531000+00:00,51.0
2025-07-14 11:56:20.929000+00:00,116.0
2025-07-14 11:56:35.548000+00:00,116.0
2025-07-14 12:11:06.348000+00:00,99.0
2025-07-14 12:11:21.733000+00:00,99.0
2025-07-14 12:41:23.884000+00:00,75.0
2025-07-14 12:41:28.656000+00:00,75.0
2025-07-14 12:56:07.756000+00:00,65.0
2025-07-14 12:56:12.516000+00:00,65.0
2025-07-14 12:56:26.431000+00:00,65.0
2025-07-14 13:11:05.819000+00:00,72.0
2025-07-14 13:11:16.834000+00:00,72.0
2025-07-14 13:11:21.831000+00:00,72.0
2025-07-14 13:26:06.059000+00:00,73.0
2025-07-14 13:26:27.787000+00:00,73.0
2025-07-14 13:26:34.098000+00:00,73.0
2025-07-14 13:41:28.374000+00:00,52.0
2025-07-14 13:56:14.162000+00:00,60.0
2025-07-14 13:56:18.390000+00:00,60.0
2025-07-14 14:26:05.636000+00:00,54.0
2025-07-14 14:26:14.189000+00:00,54.0
2025-07-14 14:26:16.746000+00:00,54.0
2025-07-14 14:41:05.346000+00:00,55.0
2025-07-14 14:41:07.951000+00:00,55.0
2025-07-14 14:56:22.663000+00:00,55.0
2025-07-14 15:26:14.715000+00:00,58.0
2025-07-14 15:26:26.824000+00:00,58.0
2025-07-14 15:56:14.216000+00:00,51.0
2025-07-14 15:56:25.101000+00:00,51.0
2025-07-14 16:11:13.606000+00:00,18.0
2025-07-14 16:11:24.829000+00:00,18.0
2025-07-14 16:26:04.836000+00:00,18.0
2025-07-14 16:26:11.955000+00:00,18.0
2025-07-14 16:41:21.376000+00:00,18.0
2025-07-14 16:41:29.694000+00:00,18.0
2025-07-14 16:56:08.210000+00:00,18.0
2025-07-14 17:11:11.723000+00:00,18.0
2025-07-14 17:11:17.477000+00:00,18.0
2025-07-14 17:11:27.717000+00:00,18.0
2025-07-14 17:26:11.329000+00:00,18.0
2025-07-14 17:26:20.124000+00:00,18.0
2025-07-14 17:26:23.775000+00:00,18.0
2025-07-14 17:41:13.800000+00:00,17.0
2025-07-14 17:41:17.638000+00:00,17.0
2025-07-14 17:41:17.753000+00:00,17.0
2025-07-14 17:56:11.018000+00:00,17.0
2025-07-14 17:56:13.283000+00:00,17.0
2025-07-14 18:11:21.258000+00:00,18.0
2025-07-14 18:11:27.019000+00:00,18.0
2025-07-14 18:26:22.268000+00:00,17.0
2025-07-14 18:26:23.536000+00:00,17.0
2025-07-14 18:26:31.856000+00:00,17.0
2025-07-14 18:41:14.314000+00:00,17.0
2025-07-14 18:41:23.586000+00:00,17.0
2025-07-14 18:41:24.541000+00:00,17.0
2025-07-14 18:56:05.386000+00:00,18.0
2025-07-14 18:56:13.384000+00:00,18.0
2025-07-14 18:56:27.180000+00:00,18.0
2025-07-14 19:11:04.663000+00:00,17.0
2025-07-14 19:11:10.747000+00:00,17.0
2025-07-14 19:11:24.428000+00:00,17.0
2025-07-14 19:26:24.942000+00:00,18.0
2025-07-14 19:26:30.381000+00:00,18.0
2025-07-14 19:41:21.259000+00:00,17.0
2025-07-14 19:41:27.019000+00:00,17.0
2025-07-14 19:56:17.797000+00:00,17.0
2025-07-14 19:56:25.157000+00:00,17.0
2025-07-14 20:11:18.677000+00:00,18.0
2025-07-14 20:11:29.542000+00:00,18.0
2025-07-14 20:26:07.321000+00:00,17.0
2025-07-14 20:26:28.100000+00:00,17.0
2025-07-14 20:41:04.902000+00:00,18.0
2025-07-14 20:41:27.301000+00:00,18.0
2025-07-14 20:56:08.369000+00:00,17.0
2025-07-14 20:56:16.636000+00:00,17.0
2025-07-14 21:11:15.847000+00:00,18.0
2025-07-14 21:11:27.564000+00:00,18.0
2025-07-14 21:26:16.627000+00:00,17.0
2025-07-14 21:26:17.507000+00:00,17.0
2025-07-14 21:26:32.175000+00:00,17.0
2025-07-14 21:41:04.588000+00:00,17.0
2025-07-14 21:41:15.488000+00:00,17.0
2025-07-14 21:41:20.276000+00:00,17.0
2025-07-14 21:56:04.607000+00:00,18.0
2025-07-14 21:56:06.416000+00:00,18.0
2025-07-14 21:56:29.564000+00:00,18.0
2025-07-14 22:11:20.447000+00:00,18.0
2025-07-14 22:11:33.672000+00:00,18.0
2025-07-14 22:11:33.724000+00:00,18.0
2025-07-14 22:26:10.406000+00:00,17.0
2025-07-14 22:26:28.598000+00:00,17.0
2025-07-14 22:26:28.663000+00:00,17.0
2025-07-14 22:41:06.016000+00:00,16.0
2025-07-14 22:41:12.090000+00:00,16.0
2025-07-14 22:41:30.647000+00:00,16.0
2025-07-14 22:56:14.379000+00:00,18.0
2025-07-14 22:56:18.303000+00:00,18.0
2025-07-14 23:11:27.590000+00:00,18.0
2025-07-14 23:11:30.231000+00:00,18.0
2025-07-14 23:11:44.953000+00:00,18.0
2025-07-14 23:26:04.133000+00:00,17.0
2025-07-14 23:26:18.275000+00:00,17.0
2025-07-14 23:26:24.712000+00:00,17.0
2025-07-14 23:41:15.719000+00:00,17.0
2025-07-14 23:41:17.176000+00:00,17.0
2025-07-14 23:41:18.443000+00:00,17.0
2025-07-14 23:56:09.993000+00:00,17.0
2025-07-14 23:56:13.554000+00:00,17.0
2025-07-14 23:56:18.308000+00:00,17.0
2025-07-15 00:11:12.390000+00:00,17.0
2025-07-15 00:11:19.080000+00:00,17.0
2025-07-15 00:11:33.829000+00:00,17.0
2025-07-15 00:26:06.800000+00:00,17.0
2025-07-15 00:26:31.758000+00:00,17.0
2025-07-15 00:41:10.133000+00:00,16.0
2025-07-15 00:41:38.705000+00:00,16.0
2025-07-15 00:56:10.891000+00:00,17.0
2025-07-15 00:56:27.852000+00:00,17.0
2025-07-15 01:11:08.876000+00:00,17.0
2025-07-15 01:11:18.793000+00:00,17.0
2025-07-15 01:11:27.037000+00:00,17.0
2025-07-15 01:26:24.830000+00:00,17.0
2025-07-15 01:26:28.639000+00:00,17.0
2025-07-15 01:41:06.688000+00:00,18.0
2025-07-15 01:41:32.273000+00:00,18.0
2025-07-15 01:56:03.948000+00:00,17.0
2025-07-15 01:56:14.872000+00:00,17.0
2025-07-15 02:11:23.298000+00:00,18.0
2025-07-15 02:11:23.538000+00:00,18.0
2025-07-15 02:26:05.779000+00:00,17.0
2025-07-15 02:26:30.508000+00:00,17.0
2025-07-15 02:41:03.860000+00:00,18.0
2025-07-15 02:41:27.985000+00:00,18.0
2025-07-15 02:41:33.925000+00:00,18.0
2025-07-15 02:56:18.691000+00:00,16.0
2025-07-15 02:56:26.365000+00:00,16.0
2025-07-15 02:56:31.803000+00:00,16.0
2025-07-15 03:11:15.645000+00:00,17.0
2025-07-15 03:11:19.172000+00:00,17.0
2025-07-15 03:26:07.927000+00:00,17.0
2025-07-15 03:26:13.552000+00:00,17.0
2025-07-15 03:26:18.835000+00:00,17.0
2025-07-15 03:41:21.070000+00:00,19.0
2025-07-15 03:41:30.989000+00:00,19.0
2025-07-15 03:56:06.546000+00:00,17.0
2025-07-15 03:56:28.910000+00:00,17.0
2025-07-15 04:11:06.995000+00:00,17.0
2025-07-15 04:11:20.205000+00:00,17.0
2025-07-15 04:41:03.745000+00:00,17.0
2025-07-15 04:41:11.126000+00:00,17.0
2025-07-15 04:41:11.960000+00:00,17.0
2025-07-15 04:56:17.344000+00:00,17.0
2025-07-15 04:56:18.755000+00:00,17.0
2025-07-15 04:56:30.723000+00:00,17.0
2025-07-15 05:11:14.914000+00:00,17.0
2025-07-15 05:11:24.324000+00:00,17.0
2025-07-15 05:26:10.529000+00:00,17.0
2025-07-15 05:26:11.294000+00:00,17.0
2025-07-15 05:41:13.558000+00:00,18.0
2025-07-15 05:41:25.520000+00:00,18.0
2025-07-15 05:56:16.369000+00:00,16.0
2025-07-15 05:56:28.225000+00:00,16.0
2025-07-15 05:56:29.487000+00:00,16.0
2025-07-15 06:11:17.204000+00:00,17.0
2025-07-15 06:11:23.102000+00:00,17.0
2025-07-15 06:26:06.357000+00:00,18.0
2025-07-15 06:26:13.754000+00:00,18.0
2025-07-15 06:26:16.129000+00:00,18.0
2025-07-15 06:41:05.573000+00:00,17.0
2025-07-15 06:41:35.863000+00:00,17.0
2025-07-15 06:56:07.125000+00:00,18.0
2025-07-15 06:56:12.250000+00:00,18.0
2025-07-15 06:56:13.840000+00:00,18.0
2025-07-15 07:11:04.827000+00:00,17.0
2025-07-15 07:11:17.686000+00:00,17.0
2025-07-15 07:26:18.181000+00:00,16.0
2025-07-15 07:26:34.505000+00:00,16.0
2025-07-15 07:41:27.999000+00:00,17.0
2025-07-15 07:56:05.231000+00:00,17.0
2025-07-15 07:56:29.880000+00:00,17.0
2025-07-15 07:56:35.006000+00:00,17.0
2025-07-15 08:11:08.082000+00:00,17.0
2025-07-15 08:11:13.201000+00:00,17.0
2025-07-15 08:26:15.835000+00:00,74.0
2025-07-15 08:26:21.329000+00:00,74.0
2025-07-15 08:41:11.730000+00:00,62.0
2025-07-15 08:41:17.811000+00:00,62.0
2025-07-15 08:56:10.951000+00:00,58.0
2025-07-15 08:56:33.598000+00:00,58.0
2025-07-15 08:56:34.087000+00:00,58.0
2025-07-15 09:11:09.560000+00:00,53.0
2025-07-15 09:11:10.459000+00:00,53.0
2025-07-15 09:26:03.553000+00:00,51.0
2025-07-15 09:26:27.363000+00:00,51.0
2025-07-15 09:41:11.389000+00:00,62.0
2025-07-15 09:41:13.302000+00:00,62.0
2025-07-15 09:56:03.179000+00:00,56.0
2025-07-15 09:56:23.611000+00:00,56.0
2025-07-15 10:11:09.539000+00:00,54.0
2025-07-15 10:11:21.057000+00:00,54.0
2025-07-15 10:26:03.308000+00:00,59.0
2025-07-15 10:26:17.624000+00:00,59.0
2025-07-15 10:41:07.006000+00:00,51.0
2025-07-15 10:41:11.804000+00:00,51.0
2025-07-15 10:41:15.870000+00:00,51.0
2025-07-15 11:11:12.111000+00:00,40.0
2025-07-15 11:11:23.164000+00:00,40.0
2025-07-15 11:26:14.220000+00:00,39.0
2025-07-15 11:26:14.830000+00:00,39.0
2025-07-15 11:41:16.321000+00:00,38.0
2025-07-15 11:41:31.568000+00:00,38.0
2025-07-15 11:56:04.268000+00:00,52.0
2025-07-15 11:56:16.412000+00:00,52.0
2025-07-15 11:56:23.132000+00:00,52.0
2025-07-15 12:11:15.998000+00:00,50.0
2025-07-15 12:11:31.698000+00:00,50.0
2025-07-15 12:26:03.769000+00:00,39.0
2025-07-15 12:26:21.917000+00:00,39.0
2025-07-15 13:11:11.237000+00:00,54.0
2025-07-15 13:11:26.360000+00:00,54.0
2025-07-15 13:11:26.733000+00:00,54.0
2025-07-15 13:26:03.366000+00:00,53.0
2025-07-15 13:26:30.319000+00:00,53.0
2025-07-15 13:56:13.994000+00:00,52.0
2025-07-15 13:56:16.308000+00:00,52.0
2025-07-15 13:56:26.123000+00:00,52.0
2025-07-15 14:26:23.417000+00:00,37.0
2025-07-15 14:26:28.112000+00:00,37.0
2025-07-15 14:26:29.179000+00:00,37.0
2025-07-15 14:41:08.528000+00:00,64.0
2025-07-15 14:41:36.112000+00:00,64.0
2025-07-15 14:56:02.882000+00:00,51.0
2025-07-15 14:56:30.403000+00:00,51.0
2025-07-15 15:11:04.188000+00:00,54.0
2025-07-15 15:11:09.552000+00:00,54.0
2025-07-15 15:26:24.135000+00:00,54.0
2025-07-15 15:41:22.943000+00:00,17.0
2025-07-15 15:41:33.478000+00:00,17.0
2025-07-15 15:56:07.358000+00:00,16.0
2025-07-15 16:26:04.153000+00:00,17.0
2025-07-15 16:26:11.849000+00:00,17.0
2025-07-15 17:26:11.822000+00:00,17.0
2025-07-15 17:26:25.030000+00:00,17.0
2025-07-15 17:41:10.014000+00:00,18.0
2025-07-15 17:41:15.723000+00:00,18.0
2025-07-15 17:41:23.747000+00:00,18.0
2025-07-15 17:56:03.881000+00:00,18.0
2025-07-15 17:56:20.136000+00:00,18.0
2025-07-15 17:56:23.488000+00:00,18.0
2025-07-15 18:11:03.846000+00:00,17.0
2025-07-15 18:11:28.928000+00:00,17.0
2025-07-15 18:26:02.591000+00:00,17.0
2025-07-15 18:26:11.968000+00:00,17.0
2025-07-15 18:26:15.861000+00:00,17.0
2025-07-15 18:56:02.602000+00:00,17.0
2025-07-15 18:56:13.680000+00:00,17.0
2025-07-15 19:11:14.551000+00:00,17.0
2025-07-15 19:26:11.472000+00:00,18.0
2025-07-15 19:26:46.028000+00:00,18.0
2025-07-15 19:41:12.720000+00:00,18.0
2025-07-15 19:41:16.016000+00:00,18.0
2025-07-15 19:41:18.255000+00:00,18.0
2025-07-15 19:56:02.327000+00:00,18.0
2025-07-15 19:56:27.199000+00:00,18.0
2025-07-15 19:56:31.011000+00:00,18.0
2025-07-15 20:11:17.837000+00:00,17.0
2025-07-15 20:11:24.721000+00:00,17.0
2025-07-15 20:11:31.963000+00:00,17.0
2025-07-15 20:26:02.817000+00:00,18.0
2025-07-15 20:26:15.500000+00:00,18.0
2025-07-15 20:26:25.756000+00:00,18.0
2025-07-15 20:41:03.701000+00:00,18.0
2025-07-15 20:41:19.196000+00:00,18.0
2025-07-15 20:41:27.568000+00:00,18.0
2025-07-15 20:56:05.993000+00:00,17.0
2025-07-15 20:56:18.543000+00:00,17.0
2025-07-15 20:56:18.883000+00:00,17.0
2025-07-15 21:11:16.071000+00:00,18.0
2025-07-15 21:11:28.175000+00:00,18.0
2025-07-15 21:11:29.437000+00:00,18.0
2025-07-15 21:26:05.367000+00:00,17.0
2025-07-15 21:26:28.631000+00:00,17.0
2025-07-15 21:41:13.367000+00:00,17.0
2025-07-15 21:41:23.986000+00:00,17.0
2025-07-15 21:56:30.444000+00:00,17.0
2025-07-15 21:56:30.688000+00:00,17.0
2025-07-15 22:26:09.384000+00:00,16.0
2025-07-15 22:26:09.390000+00:00,16.0
2025-07-15 22:26:15.150000+00:00,16.0
2025-07-15 22:41:22.393000+00:00,18.0
2025-07-15 22:41:25.475000+00:00,18.0
2025-07-15 22:41:30.558000+00:00,18.0
2025-07-15 22:56:01.868000+00:00,17.0
2025-07-15 22:56:19.009000+00:00,17.0
2025-07-15 22:56:21.847000+00:00,17.0
2025-07-15 23:11:11.609000+00:00,18.0
2025-07-15 23:11:19.481000+00:00,18.0
2025-07-15 23:11:27.550000+00:00,18.0
2025-07-15 23:26:05.623000+00:00,17.0
2025-07-15 23:26:17.462000+00:00,17.0
2025-07-15 23:26:21.029000+00:00,17.0
2025-07-15 23:41:10.572000+00:00,18.0
2025-07-15 23:41:12.447000+00:00,18.0
2025-07-15 23:41:29.086000+00:00,18.0
2025-07-15 23:56:04.951000+00:00,16.0
2025-07-15 23:56:25.743000+00:00,16.0
2025-07-15 23:56:38.545000+00:00,16.0
2025-07-16 00:11:07.999000+00:00,16.0
2025-07-16 00:11:41.598000+00:00,16.0
2025-07-16 00:26:16.079000+00:00,16.0
2025-07-16 00:26:16.715000+00:00,16.0
2025-07-16 00:26:30.102000+00:00,16.0
2025-07-16 00:41:23.605000+00:00,18.0
2025-07-16 00:41:29.023000+00:00,18.0
2025-07-16 00:56:14.827000+00:00,18.0
2025-07-16 00:56:17.707000+00:00,18.0
2025-07-16 01:11:21.417000+00:00,17.0
2025-07-16 01:11:28.100000+00:00,17.0
2025-07-16 01:26:01.758000+00:00,17.0
2025-07-16 01:26:08.716000+00:00,17.0
2025-07-16 01:26:26.763000+00:00,17.0
2025-07-16 02:26:13.354000+00:00,17.0
2025-07-16 02:26:13.660000+00:00,17.0
2025-07-16 02:41:05.208000+00:00,17.0
2025-07-16 02:41:19.811000+00:00,17.0
2025-07-16 02:56:17.550000+00:00,17.0
2025-07-16 02:56:20.894000+00:00,17.0
2025-07-16 03:11:16.329000+00:00,18.0
2025-07-16 03:26:02.358000+00:00,17.0
2025-07-16 03:26:04.884000+00:00,17.0
2025-07-16 03:26:09.430000+00:00,17.0
2025-07-16 03:41:01.626000+00:00,17.0
2025-07-16 03:41:21.791000+00:00,17.0
2025-07-16 03:56:18.269000+00:00,17.0
2025-07-16 03:56:31.375000+00:00,17.0
2025-07-16 04:11:02.634000+00:00,18.0
2025-07-16 04:11:04.234000+00:00,18.0
2025-07-16 04:11:20.882000+00:00,18.0
2025-07-16 04:26:07.658000+00:00,17.0
2025-07-16 04:26:11.175000+00:00,17.0
2025-07-16 04:26:18.248000+00:00,17.0
2025-07-16 04:41:10.197000+00:00,17.0
2025-07-16 04:41:21.955000+00:00,17.0
2025-07-16 04:41:23.556000+00:00,17.0
2025-07-16 04:56:03.674000+00:00,17.0
2025-07-16 04:56:09.306000+00:00,17.0
2025-07-16 05:11:08.702000+00:00,18.0
2025-07-16 05:11:28.260000+00:00,18.0
2025-07-16 05:26:02.130000+00:00,17.0
2025-07-16 05:26:08.261000+00:00,17.0
2025-07-16 05:26:18.260000+00:00,17.0
2025-07-16 05:41:08.416000+00:00,17.0
2025-07-16 05:41:28.117000+00:00,17.0
2025-07-16 05:56:01.716000+00:00,17.0
2025-07-16 05:56:15.958000+00:00,17.0
2025-07-16 06:11:03.452000+00:00,17.0
2025-07-16 06:11:24.073000+00:00,17.0
2025-07-16 06:26:06.915000+00:00,18.0
2025-07-16 06:26:10.687000+00:00,18.0
2025-07-16 06:26:20.005000+00:00,18.0
2025-07-16 06:41:03.198000+00:00,17.0
2025-07-16 06:41:05.699000+00:00,17.0
2025-07-16 06:41:26.417000+00:00,17.0
2025-07-16 06:56:14.873000+00:00,18.0
2025-07-16 06:56:29.275000+00:00,18.0
2025-07-16 06:56:31.830000+00:00,18.0
2025-07-16 07:11:04.106000+00:00,17.0
2025-07-16 07:11:10.789000+00:00,17.0
2025-07-16 07:56:19.558000+00:00,18.0
2025-07-16 07:56:26.272000+00:00,18.0
2025-07-16 07:56:30.863000+00:00,18.0
2025-07-16 08:11:18.192000+00:00,17.0
2025-07-16 08:11:31.522000+00:00,17.0
2025-07-16 08:11:35.627000+00:00,17.0
2025-07-16 08:26:12.113000+00:00,17.0
2025-07-16 08:26:36.269000+00:00,17.0
2025-07-16 08:41:29.004000+00:00,86.0
2025-07-16 08:41:31.999000+00:00,86.0
2025-07-16 09:11:01.025000+00:00,61.0
2025-07-16 09:26:10.820000+00:00,60.0
2025-07-16 09:26:27.138000+00:00,60.0
2025-07-16 09:41:01.069000+00:00,70.0
2025-07-16 09:41:19.597000+00:00,70.0
2025-07-16 09:56:06.922000+00:00,85.0
2025-07-16 09:56:30.856000+00:00,85.0
2025-07-16 10:11:05.748000+00:00,66.0
2025-07-16 10:11:07.038000+00:00,66.0
2025-07-16 10:11:09.740000+00:00,66.0
2025-07-16 10:26:13.276000+00:00,61.0
2025-07-16 10:26:20.857000+00:00,61.0
2025-07-16 10:41:00.959000+00:00,56.0
2025-07-16 10:41:15.383000+00:00,56.0
2025-07-16 10:41:23.968000+00:00,56.0
2025-07-16 10:56:22.122000+00:00,55.0
2025-07-16 10:56:23.073000+00:00,55.0
2025-07-16 11:11:13.016000+00:00,62.0
2025-07-16 11:41:21.497000+00:00,54.0
2025-07-16 11:41:22.774000+00:00,54.0
2025-07-16 11:41:23.117000+00:00,54.0
2025-07-16 12:11:07.251000+00:00,59.0
2025-07-16 12:11:13.665000+00:00,59.0
2025-07-16 12:26:03.192000+00:00,37.0
2025-07-16 12:26:03.607000+00:00,37.0
2025-07-16 12:26:22.822000+00:00,37.0
2025-07-16 12:56:08.690000+00:00,40.0
2025-07-16 12:56:11.607000+00:00,40.0
2025-07-16 13:11:00.700000+00:00,39.0
2025-07-16 13:11:21.511000+00:00,39.0
2025-07-16 13:11:24.330000+00:00,39.0
2025-07-16 13:26:02.337000+00:00,39.0
2025-07-16 13:26:09.714000+00:00,39.0
2025-07-16 13:26:34.988000+00:00,39.0
2025-07-16 13:41:01.039000+00:00,39.0
2025-07-16 13:41:15.825000+00:00,39.0
2025-07-16 13:41:20.310000+00:00,39.0
2025-07-16 14:11:00.574000+00:00,40.0
2025-07-16 14:41:06.105000+00:00,39.0
2025-07-16 14:41:07.745000+00:00,39.0
2025-07-16 14:41:12.277000+00:00,39.0
2025-07-16 15:11:10.292000+00:00,39.0
2025-07-16 15:11:14.676000+00:00,39.0
2025-07-16 15:26:04.029000+00:00,18.0
2025-07-16 15:41:01.058000+00:00,222.0
2025-07-16 15:56:00.302000+00:00,166.0
2025-07-16 15:56:30.072000+00:00,166.0
2025-07-16 16:11:25.367000+00:00,18.0
2025-07-16 16:11:34.409000+00:00,18.0
2025-07-16 16:26:00.341000+00:00,17.0
2025-07-16 16:56:06.265000+00:00,17.0
2025-07-16 16:56:12.033000+00:00,17.0
2025-07-16 16:56:12.663000+00:00,17.0
2025-07-16 17:11:00.005000+00:00,17.0
2025-07-16 17:26:00.003000+00:00,19.0
2025-07-16 17:26:22.809000+00:00,19.0
2025-07-16 17:41:10.705000+00:00,18.0
2025-07-16 17:41:36.100000+00:00,18.0
2025-07-16 17:56:12.727000+00:00,17.0
2025-07-16 17:56:28.946000+00:00,17.0
2025-07-16 18:11:04.888000+00:00,17.0
2025-07-16 18:11:07.991000+00:00,17.0
2025-07-16 18:26:09.119000+00:00,18.0
2025-07-16 18:26:28.964000+00:00,18.0
2025-07-16 18:41:11.824000+00:00,18.0
2025-07-16 18:41:24.641000+00:00,18.0
2025-07-16 18:41:38.271000+00:00,18.0
2025-07-16 18:56:05.635000+00:00,17.0
2025-07-16 18:56:22.223000+00:00,17.0
2025-07-16 18:56:29.263000+00:00,17.0
2025-07-16 19:11:06.978000+00:00,17.0
2025-07-16 19:11:10.863000+00:00,17.0
2025-07-16 19:11:15.775000+00:00,17.0
2025-07-16 19:26:18.521000+00:00,17.0
2025-07-16 19:26:24.986000+00:00,17.0
2025-07-16 19:41:08.451000+00:00,18.0
2025-07-16 19:41:14.041000+00:00,18.0
2025-07-16 19:56:09.351000+00:00,17.0
2025-07-16 19:56:29.277000+00:00,17.0
2025-07-16 20:10:59.762000+00:00,17.0
2025-07-16 20:11:15.646000+00:00,17.0
2025-07-16 20:26:11.837000+00:00,17.0
2025-07-16 20:26:17.276000+00:00,17.0
2025-07-16 20:55:59.636000+00:00,17.0
2025-07-16 20:56:21.419000+00:00,17.0
2025-07-16 20:56:23.615000+00:00,17.0
2025-07-16 21:11:01.395000+00:00,16.0
2025-07-16 21:11:04.187000+00:00,16.0
2025-07-16 21:11:20.911000+00:00,16.0
2025-07-16 21:26:08.849000+00:00,17.0
2025-07-16 21:26:22.505000+00:00,17.0
2025-07-16 21:26:25.704000+00:00,17.0
2025-07-16 21:41:10.065000+00:00,17.0
2025-07-16 21:41:16.207000+00:00,17.0
2025-07-16 21:41:27.164000+00:00,17.0
2025-07-16 21:56:08.554000+00:00,29.0
2025-07-16 21:56:23.864000+00:00,29.0
2025-07-16 21:56:28.857000+00:00,29.0
2025-07-16 22:11:15.369000+00:00,17.0
2025-07-16 22:11:24.246000+00:00,17.0
2025-07-16 22:11:28.730000+00:00,17.0
2025-07-16 22:25:59.538000+00:00,17.0
2025-07-16 22:26:02.512000+00:00,17.0
2025-07-16 22:26:13.543000+00:00,17.0
2025-07-16 22:41:13.066000+00:00,17.0
2025-07-16 22:41:14.671000+00:00,17.0
2025-07-16 22:41:35.146000+00:00,17.0
2025-07-16 22:55:59.516000+00:00,17.0
2025-07-16 22:56:07.682000+00:00,17.0
2025-07-16 22:56:12.256000+00:00,17.0
2025-07-16 23:11:14.854000+00:00,18.0
2025-07-16 23:11:32.758000+00:00,18.0
2025-07-16 23:41:04.120000+00:00,19.0
2025-07-16 23:41:18.420000+00:00,19.0
2025-07-16 23:41:26.405000+00:00,19.0
2025-07-16 23:55:59.632000+00:00,17.0
2025-07-16 23:56:22.495000+00:00,17.0
2025-07-16 23:56:26.772000+00:00,17.0
2025-07-17 00:11:15.615000+00:00,17.0
2025-07-17 00:11:18.898000+00:00,17.0
2025-07-17 00:26:13.031000+00:00,16.0
2025-07-17 00:26:25.058000+00:00,16.0
2025-07-17 00:41:09.957000+00:00,17.0
2025-07-17 00:41:20.581000+00:00,17.0
2025-07-17 00:41:27.800000+00:00,17.0
2025-07-17 00:56:01.858000+00:00,17.0
2025-07-17 00:56:15.885000+00:00,17.0
2025-07-17 00:56:18.789000+00:00,17.0
2025-07-17 01:11:10.195000+00:00,17.0
2025-07-17 01:11:24.196000+00:00,17.0
2025-07-17 01:26:05.181000+00:00,17.0
2025-07-17 01:26:07.937000+00:00,17.0
2025-07-17 01:41:02.162000+00:00,18.0
2025-07-17 01:41:10.527000+00:00,18.0
2025-07-17 01:41:22.499000+00:00,18.0
2025-07-17 02:11:00.885000+00:00,19.0
2025-07-17 02:11:20.139000+00:00,19.0
2025-07-17 02:11:28.445000+00:00,19.0
2025-07-17 02:56:07.197000+00:00,17.0
2025-07-17 02:56:18.064000+00:00,17.0
2025-07-17 03:11:17.384000+00:00,17.0
2025-07-17 03:11:19.041000+00:00,17.0
2025-07-17 03:11:29.084000+00:00,17.0
2025-07-17 03:40:59.113000+00:00,17.0
2025-07-17 03:41:10.280000+00:00,17.0
2025-07-17 03:41:20.698000+00:00,17.0
2025-07-17 04:11:16.502000+00:00,18.0
2025-07-17 04:11:17.743000+00:00,18.0
2025-07-17 04:26:06.248000+00:00,17.0
2025-07-17 04:26:25.637000+00:00,17.0
2025-07-17 04:55:58.978000+00:00,17.0
2025-07-17 04:56:12.422000+00:00,17.0
2025-07-17 04:56:13.542000+00:00,17.0
2025-07-17 05:10:59.136000+00:00,17.0
2025-07-17 05:11:18.855000+00:00,17.0
2025-07-17 05:26:06.350000+00:00,17.0
2025-07-17 05:26:10.690000+00:00,17.0
2025-07-17 05:41:00.275000+00:00,17.0
2025-07-17 05:41:19.534000+00:00,17.0
2025-07-17 05:55:58.950000+00:00,17.0
2025-07-17 05:56:12.496000+00:00,17.0
2025-07-17 06:11:24.620000+00:00,18.0
2025-07-17 06:25:58.960000+00:00,18.0
2025-07-17 06:26:11.846000+00:00,18.0
2025-07-17 06:26:30.846000+00:00,18.0
2025-07-17 06:41:17.006000+00:00,18.0
2025-07-17 06:41:27.526000+00:00,18.0
2025-07-17 06:56:02.537000+00:00,17.0
2025-07-17 06:56:03.076000+00:00,17.0
2025-07-17 07:11:21.595000+00:00,17.0
2025-07-17 07:11:24.235000+00:00,17.0
2025-07-17 07:11:24.280000+00:00,17.0
2025-07-17 07:41:12.858000+00:00,18.0
2025-07-17 07:41:19.026000+00:00,18.0
2025-07-17 07:41:26.607000+00:00,18.0
2025-07-17 07:56:00.625000+00:00,17.0
2025-07-17 07:56:11.567000+00:00,17.0
2025-07-17 07:56:18.575000+00:00,17.0
2025-07-17 08:11:17.783000+00:00,18.0
2025-07-17 08:11:25.468000+00:00,18.0
2025-07-17 08:26:12.425000+00:00,126.0
2025-07-17 08:26:20.527000+00:00,126.0
2025-07-17 08:41:09.390000+00:00,72.0
2025-07-17 08:41:10.493000+00:00,72.0
2025-07-17 08:41:14.818000+00:00,72.0
2025-07-17 08:56:23.866000+00:00,66.0
2025-07-17 08:56:27.986000+00:00,66.0
2025-07-17 09:11:17.490000+00:00,56.0
2025-07-17 09:11:31.287000+00:00,56.0
2025-07-17 09:11:32.273000+00:00,56.0
2025-07-17 09:25:58.480000+00:00,55.0
2025-07-17 09:26:34.816000+00:00,55.0
2025-07-17 09:40:58.488000+00:00,52.0
2025-07-17 09:41:02.331000+00:00,52.0
2025-07-17 09:41:26.481000+00:00,52.0
2025-07-17 09:56:03.052000+00:00,63.0
2025-07-17 09:56:05.254000+00:00,63.0
2025-07-17 09:56:13.921000+00:00,63.0
2025-07-17 10:11:27.367000+00:00,53.0
2025-07-17 10:11:35.925000+00:00,53.0
2025-07-17 10:26:08.885000+00:00,52.0
2025-07-17 10:26:17.015000+00:00,52.0
2025-07-17 10:26:32.883000+00:00,52.0
2025-07-17 10:56:00.905000+00:00,34.0
2025-07-17 10:56:29.708000+00:00,34.0
2025-07-17 11:11:23.145000+00:00,35.0
2025-07-17 11:11:28.367000+00:00,35.0
2025-07-17 11:25:58.669000+00:00,36.0
2025-07-17 11:40:58.378000+00:00,55.0
2025-07-17 11:41:01.310000+00:00,55.0
2025-07-17 11:41:06.373000+00:00,55.0
2025-07-17 12:11:09.854000+00:00,53.0
2025-07-17 12:11:10.578000+00:00,53.0
2025-07-17 12:11:17.705000+00:00,53.0
2025-07-17 12:25:59.736000+00:00,35.0
2025-07-17 12:26:12.848000+00:00,35.0
2025-07-17 12:26:19.889000+00:00,35.0
2025-07-17 12:41:02.946000+00:00,36.0
2025-07-17 12:41:07.540000+00:00,36.0
2025-07-17 12:41:24.169000+00:00,36.0
2025-07-17 13:11:00.436000+00:00,51.0
2025-07-17 13:11:13.552000+00:00,51.0
2025-07-17 13:11:21.878000+00:00,51.0
2025-07-17 13:26:04.331000+00:00,52.0
2025-07-17 13:26:14.177000+00:00,52.0
2025-07-17 13:26:30.220000+00:00,52.0
2025-07-17 13:41:16.325000+00:00,34.0
2025-07-17 13:41:19.702000+00:00,34.0
2025-07-17 13:56:02.893000+00:00,34.0
2025-07-17 13:56:06.794000+00:00,34.0
2025-07-17 13:56:24.888000+00:00,34.0
2025-07-17 14:11:10.900000+00:00,61.0
2025-07-17 14:11:20.490000+00:00,61.0
2025-07-17 14:26:13.560000+00:00,54.0
2025-07-17 14:56:01.884000+00:00,53.0
2025-07-17 14:56:18.344000+00:00,53.0
2025-07-17 14:56:29.785000+00:00,53.0
2025-07-17 15:10:59.280000+00:00,53.0
2025-07-17 15:11:27.051000+00:00,53.0
2025-07-17 15:41:17.171000+00:00,51.0
2025-07-17 15:56:02.439000+00:00,52.0
2025-07-17 15:56:16.401000+00:00,52.0
2025-07-17 16:10:57.845000+00:00,52.0
2025-07-17 16:11:03.529000+00:00,52.0
2025-07-17 16:26:13.563000+00:00,52.0
2025-07-17 16:26:26.326000+00:00,52.0
2025-07-17 16:41:07.699000+00:00,52.0
2025-07-17 16:41:21.907000+00:00,52.0
2025-07-17 16:55:58.197000+00:00,34.0
2025-07-17 16:56:06.306000+00:00,34.0
2025-07-17 16:56:25.728000+00:00,34.0
2025-07-17 17:11:05.245000+00:00,52.0
2025-07-17 17:11:18.316000+00:00,52.0
2025-07-17 17:26:08.593000+00:00,48.0
2025-07-17 17:26:11.618000+00:00,48.0
2025-07-17 17:26:18.285000+00:00,48.0
2025-07-17 17:41:02.598000+00:00,17.0
2025-07-17 17:41:15.794000+00:00,17.0
2025-07-17 17:56:21.304000+00:00,18.0
2025-07-17 17:56:26.194000+00:00,18.0
2025-07-17 18:56:11.246000+00:00,17.0
2025-07-17 18:56:17.349000+00:00,17.0
2025-07-17 18:56:18.463000+00:00,17.0
2025-07-17 19:11:01.255000+00:00,19.0
2025-07-17 19:11:06.982000+00:00,19.0
2025-07-17 19:11:27.302000+00:00,19.0
2025-07-17 19:25:59.596000+00:00,19.0
2025-07-17 19:26:10.001000+00:00,19.0
2025-07-17 19:26:28.115000+00:00,19.0
2025-07-17 19:55:57.759000+00:00,17.0
2025-07-17 19:55:57.781000+00:00,17.0
2025-07-17 19:56:05.726000+00:00,17.0
2025-07-17 19:56:27.907000+00:00,17.0
2025-07-17 20:11:10.988000+00:00,19.0
2025-07-17 20:11:12.306000+00:00,19.0
2025-07-17 20:11:20.707000+00:00,19.0
2025-07-17 20:26:00.154000+00:00,16.0
2025-07-17 20:26:01.335000+00:00,16.0
2025-07-17 20:26:08.690000+00:00,16.0
2025-07-17 20:56:06.355000+00:00,17.0
2025-07-17 20:56:10.271000+00:00,17.0
2025-07-17 20:56:11.034000+00:00,17.0
2025-07-17 21:11:01.334000+00:00,17.0
2025-07-17 21:11:06.939000+00:00,17.0
2025-07-17 21:11:18.550000+00:00,17.0
2025-07-17 21:26:02.766000+00:00,17.0
2025-07-17 21:26:17.853000+00:00,17.0
2025-07-17 21:26:19.569000+00:00,17.0
2025-07-17 21:41:13.617000+00:00,17.0
2025-07-17 21:41:14.982000+00:00,17.0
2025-07-17 21:41:18.045000+00:00,17.0
2025-07-17 21:55:58.272000+00:00,17.0
2025-07-17 21:56:00.762000+00:00,17.0
2025-07-17 22:41:05.131000+00:00,18.0
2025-07-17 22:41:06.411000+00:00,18.0
2025-07-17 22:41:32.824000+00:00,18.0
2025-07-17 22:56:17.915000+00:00,18.0
2025-07-17 22:56:24.622000+00:00,18.0
2025-07-17 22:56:28.414000+00:00,18.0
2025-07-17 23:10:59.619000+00:00,17.0
2025-07-17 23:11:11.459000+00:00,17.0
2025-07-17 23:11:18.370000+00:00,17.0
2025-07-17 23:25:57.683000+00:00,18.0
2025-07-17 23:26:08.645000+00:00,18.0
2025-07-17 23:41:00.258000+00:00,16.0
2025-07-17 23:41:37.680000+00:00,16.0
2025-07-18 00:10:58.921000+00:00,17.0
2025-07-18 00:11:28.942000+00:00,17.0
2025-07-18 00:11:29.316000+00:00,17.0
2025-07-18 00:25:57.347000+00:00,18.0
2025-07-18 00:25:58.913000+00:00,18.0
2025-07-18 00:26:02.488000+00:00,18.0
2025-07-18 00:41:10.316000+00:00,18.0
2025-07-18 00:41:32.394000+00:00,18.0
2025-07-18 00:56:05.220000+00:00,17.0
2025-07-18 00:56:19.943000+00:00,17.0
2025-07-18 01:11:11.934000+00:00,17.0
2025-07-18 01:11:13.832000+00:00,17.0
2025-07-18 01:11:23.487000+00:00,17.0
2025-07-18 01:26:09.939000+00:00,17.0
2025-07-18 01:26:28.332000+00:00,17.0
2025-07-18 01:40:57.701000+00:00,16.0
2025-07-18 01:41:14.339000+00:00,16.0
2025-07-18 01:56:04.062000+00:00,18.0
2025-07-18 01:56:06.296000+00:00,18.0
2025-07-18 02:10:56.952000+00:00,19.0
2025-07-18 02:11:09.950000+00:00,19.0
2025-07-18 02:26:12.170000+00:00,18.0
2025-07-18 02:26:15.291000+00:00,18.0
2025-07-18 02:40:58.159000+00:00,17.0
2025-07-18 02:41:00.822000+00:00,17.0
2025-07-18 02:41:08.208000+00:00,17.0
2025-07-18 02:55:57.223000+00:00,17.0
2025-07-18 02:56:09.066000+00:00,17.0
2025-07-18 02:56:23.787000+00:00,17.0
2025-07-18 03:11:03.696000+00:00,18.0
2025-07-18 03:11:16.227000+00:00,18.0
2025-07-18 03:11:23.261000+00:00,18.0
2025-07-18 03:25:56.864000+00:00,18.0
2025-07-18 03:26:26.297000+00:00,18.0
2025-07-18 03:26:30.457000+00:00,18.0
2025-07-18 03:40:58.722000+00:00,17.0
2025-07-18 03:41:10.235000+00:00,17.0
2025-07-18 03:41:22.679000+00:00,17.0
2025-07-18 03:55:56.678000+00:00,17.0
2025-07-18 03:56:01.056000+00:00,17.0
2025-07-18 03:56:22.064000+00:00,17.0
2025-07-18 04:11:04.771000+00:00,18.0
2025-07-18 04:11:08.053000+00:00,18.0
2025-07-18 04:11:10.725000+00:00,18.0
2025-07-18 04:26:01.755000+00:00,18.0
2025-07-18 04:26:20.539000+00:00,18.0
2025-07-18 04:41:01.150000+00:00,17.0
2025-07-18 04:41:25.627000+00:00,17.0
2025-07-18 04:56:04.376000+00:00,18.0
2025-07-18 04:56:07.182000+00:00,18.0
2025-07-18 05:25:56.832000+00:00,17.0
2025-07-18 05:26:24.078000+00:00,17.0
2025-07-18 05:41:03.951000+00:00,17.0
2025-07-18 05:41:12.690000+00:00,17.0
2025-07-18 06:11:18.268000+00:00,17.0
2025-07-18 06:11:26.610000+00:00,17.0
2025-07-18 06:25:57.583000+00:00,17.0
2025-07-18 06:26:02.964000+00:00,17.0
2025-07-18 06:26:30.232000+00:00,17.0
2025-07-18 06:41:12.498000+00:00,18.0
2025-07-18 06:41:23.703000+00:00,18.0
2025-07-18 06:56:07.236000+00:00,17.0
2025-07-18 06:56:07.884000+00:00,17.0
2025-07-18 06:56:09.155000+00:00,17.0
2025-07-18 07:40:59.955000+00:00,17.0
2025-07-18 07:41:07.957000+00:00,17.0
2025-07-18 07:41:12.435000+00:00,17.0
2025-07-18 07:55:56.594000+00:00,17.0
2025-07-18 07:56:20.493000+00:00,17.0
2025-07-18 08:11:07.819000+00:00,17.0
2025-07-18 08:11:32.210000+00:00,17.0
2025-07-18 08:26:11.620000+00:00,78.0
2025-07-18 08:26:20.055000+00:00,78.0
2025-07-18 09:26:22.050000+00:00,52.0
2025-07-18 09:41:09.136000+00:00,51.0
2025-07-18 09:41:21.640000+00:00,51.0
2025-07-18 10:11:12.259000+00:00,55.0
2025-07-18 10:11:24.752000+00:00,55.0
2025-07-18 10:40:56.562000+00:00,57.0
2025-07-18 10:41:20.721000+00:00,57.0
2025-07-18 10:55:56.071000+00:00,53.0
2025-07-18 10:56:03.478000+00:00,53.0
2025-07-18 10:56:04.710000+00:00,53.0
2025-07-18 11:10:57.579000+00:00,52.0
2025-07-18 11:11:17.918000+00:00,52.0
2025-07-18 11:11:25.411000+00:00,52.0
2025-07-18 11:26:12.866000+00:00,34.0
2025-07-18 11:26:23.078000+00:00,34.0
2025-07-18 11:26:32.986000+00:00,34.0
2025-07-18 11:40:57.987000+00:00,72.0
2025-07-18 11:40:59.584000+00:00,72.0
2025-07-18 11:56:01.356000+00:00,54.0
2025-07-18 11:56:19.196000+00:00,54.0
2025-07-18 12:11:08.258000+00:00,52.0
2025-07-18 12:11:23.696000+00:00,52.0
2025-07-18 12:26:07.847000+00:00,53.0
2025-07-18 12:26:09.661000+00:00,53.0
2025-07-18 12:26:16.494000+00:00,53.0
2025-07-18 12:55:56.482000+00:00,36.0
2025-07-18 12:56:23.038000+00:00,36.0
2025-07-18 13:25:56.134000+00:00,35.0
2025-07-18 13:26:14.200000+00:00,35.0
2025-07-18 13:41:06.200000+00:00,39.0
2025-07-18 13:56:16.912000+00:00,35.0
2025-07-18 13:56:20.509000+00:00,35.0
2025-07-18 13:56:22.347000+00:00,35.0
2025-07-18 14:11:16.929000+00:00,58.0
2025-07-18 14:11:22.216000+00:00,58.0
2025-07-18 14:41:20.855000+00:00,59.0
2025-07-18 14:41:22.887000+00:00,59.0
2025-07-18 14:56:00.235000+00:00,52.0
2025-07-18 14:56:08.133000+00:00,52.0
2025-07-18 15:11:07.556000+00:00,58.0
2025-07-18 15:11:14.079000+00:00,58.0
2025-07-18 15:11:17.279000+00:00,58.0
2025-07-18 15:56:03.894000+00:00,59.0
2025-07-18 15:56:16.945000+00:00,59.0
2025-07-18 16:10:56.021000+00:00,52.0
2025-07-18 16:26:16.745000+00:00,56.0
2025-07-18 16:56:14.357000+00:00,18.0
2025-07-18 16:56:19.796000+00:00,18.0
2025-07-18 17:10:57.827000+00:00,17.0
2025-07-18 17:11:07.740000+00:00,17.0
2025-07-18 17:25:56.243000+00:00,17.0
2025-07-18 17:26:29.851000+00:00,17.0
2025-07-18 17:41:06.581000+00:00,17.0
2025-07-18 17:41:10.706000+00:00,17.0
2025-07-18 17:41:21.270000+00:00,17.0
2025-07-18 17:55:55.847000+00:00,17.0
2025-07-18 17:55:56.501000+00:00,17.0
2025-07-18 18:56:15.066000+00:00,17.0
2025-07-18 18:56:22.163000+00:00,17.0
2025-07-18 19:26:14.476000+00:00,17.0
2025-07-18 19:26:19.637000+00:00,17.0
2025-07-18 19:26:26.807000+00:00,17.0
2025-07-18 19:41:01.254000+00:00,17.0
2025-07-18 19:41:16.679000+00:00,17.0
2025-07-18 19:41:18.582000+00:00,17.0
2025-07-18 20:10:57.420000+00:00,18.0
2025-07-18 20:11:07.111000+00:00,18.0
2025-07-18 20:11:24.747000+00:00,18.0
2025-07-18 20:25:58.199000+00:00,19.0
2025-07-18 20:26:09.961000+00:00,19.0
2025-07-18 20:26:18.989000+00:00,19.0
2025-07-18 20:41:07.806000+00:00,34.0
2025-07-18 20:41:23.166000+00:00,34.0
2025-07-18 21:11:09.699000+00:00,17.0
2025-07-18 21:11:17.631000+00:00,17.0
2025-07-18 21:11:18.013000+00:00,17.0
2025-07-18 21:25:56.742000+00:00,18.0
2025-07-18 21:25:59.613000+00:00,18.0
2025-07-18 21:26:09.553000+00:00,18.0
2025-07-18 21:41:03.486000+00:00,17.0
2025-07-18 21:41:13.094000+00:00,17.0
2025-07-18 21:41:20.659000+00:00,17.0
2025-07-18 22:11:15.344000+00:00,18.0
2025-07-18 22:11:29.128000+00:00,18.0
2025-07-18 22:41:17.055000+00:00,17.0
2025-07-18 22:41:18.927000+00:00,17.0
2025-07-18 22:55:56.581000+00:00,17.0
2025-07-18 22:56:21.630000+00:00,17.0
2025-07-18 23:11:03.816000+00:00,19.0
2025-07-18 23:11:05.061000+00:00,19.0
2025-07-18 23:11:18.024000+00:00,19.0
2025-07-18 23:26:05.577000+00:00,16.0
2025-07-18 23:26:10.636000+00:00,16.0
2025-07-18 23:41:24.366000+00:00,17.0
2025-07-18 23:41:37.709000+00:00,17.0
2025-07-18 23:55:55.305000+00:00,19.0
2025-07-18 23:56:02.882000+00:00,19.0
2025-07-19 00:10:55.251000+00:00,17.0
2025-07-19 00:10:56.090000+00:00,17.0
2025-07-19 00:11:21.249000+00:00,17.0
2025-07-19 00:26:02.972000+00:00,17.0
2025-07-19 00:26:22.202000+00:00,17.0
2025-07-19 00:56:14.097000+00:00,18.0
2025-07-19 00:56:17.087000+00:00,18.0
2025-07-19 01:26:14.516000+00:00,17.0
2025-07-19 01:26:22.903000+00:00,17.0
2025-07-19 01:40:56.078000+00:00,18.0
2025-07-19 01:41:05.141000+00:00,18.0
2025-07-19 01:56:10.726000+00:00,18.0
2025-07-19 01:56:24.159000+00:00,18.0
2025-07-19 02:26:03.665000+00:00,18.0
2025-07-19 02:26:06.459000+00:00,18.0
2025-07-19 02:41:23.167000+00:00,17.0
2025-07-19 02:41:31.166000+00:00,17.0
2025-07-19 02:56:02.534000+00:00,17.0
2025-07-19 02:56:23.990000+00:00,17.0
2025-07-19 03:56:17.696000+00:00,18.0
2025-07-19 03:56:24.296000+00:00,18.0
2025-07-19 04:10:56.257000+00:00,18.0
2025-07-19 04:11:08.099000+00:00,18.0
2025-07-19 04:25:55.126000+00:00,17.0
2025-07-19 04:26:22.327000+00:00,17.0
2025-07-19 04:41:01.401000+00:00,18.0
2025-07-19 04:41:23.161000+00:00,18.0
2025-07-19 04:56:11.893000+00:00,16.0
2025-07-19 04:56:11.941000+00:00,16.0
2025-07-19 05:10:55.965000+00:00,18.0
2025-07-19 05:11:11.341000+00:00,18.0
2025-07-19 05:11:19.617000+00:00,18.0
2025-07-19 05:25:59.481000+00:00,17.0
2025-07-19 05:26:08.011000+00:00,17.0
2025-07-19 05:41:05.325000+00:00,17.0
2025-07-19 05:41:17.774000+00:00,17.0
2025-07-19 06:41:03.192000+00:00,18.0
2025-07-19 06:41:13.731000+00:00,18.0
2025-07-19 06:41:14.715000+00:00,18.0
2025-07-19 07:56:03.487000+00:00,17.0
2025-07-19 07:56:14.431000+00:00,17.0
2025-07-19 07:56:22.335000+00:00,17.0
2025-07-19 08:26:07.134000+00:00,18.0
2025-07-19 08:26:22.396000+00:00,18.0
2025-07-19 08:40:54.103000+00:00,18.0
2025-07-19 08:40:55.067000+00:00,18.0
2025-07-19 08:40:56.087000+00:00,18.0
2025-07-19 08:56:12.164000+00:00,18.0
2025-07-19 09:11:22.122000+00:00,17.0
2025-07-19 10:11:00.634000+00:00,18.0
2025-07-19 10:11:03.971000+00:00,18.0
2025-07-19 10:11:24.180000+00:00,18.0
2025-07-19 10:25:55.257000+00:00,18.0
2025-07-19 10:25:59.736000+00:00,18.0
2025-07-19 10:26:20.856000+00:00,18.0
2025-07-19 10:41:00.018000+00:00,18.0
2025-07-19 10:41:08.333000+00:00,18.0
2025-07-19 10:41:16.652000+00:00,18.0
2025-07-19 10:55:56.510000+00:00,18.0
2025-07-19 10:55:57.425000+00:00,18.0
2025-07-19 11:25:55.571000+00:00,17.0
2025-07-19 11:26:15.026000+00:00,17.0
2025-07-19 11:40:56.867000+00:00,17.0
2025-07-19 11:41:24.064000+00:00,17.0
2025-07-19 11:56:07.136000+00:00,17.0
2025-07-19 11:56:18.717000+00:00,17.0
2025-07-19 12:10:58.638000+00:00,18.0
2025-07-19 12:11:11.471000+00:00,18.0
2025-07-19 12:11:11.473000+00:00,18.0
2025-07-19 12:25:59.799000+00:00,17.0
2025-07-19 12:26:06.937000+00:00,17.0
2025-07-19 12:40:53.912000+00:00,18.0
2025-07-19 12:40:53.916000+00:00,18.0
2025-07-19 12:40:56.156000+00:00,18.0
2025-07-19 12:56:06.213000+00:00,17.0
2025-07-19 12:56:09.072000+00:00,17.0
2025-07-19 12:56:18.026000+00:00,17.0
2025-07-19 13:26:16.782000+00:00,17.0
2025-07-19 13:26:19.780000+00:00,17.0
2025-07-19 14:25:53.852000+00:00,16.0
2025-07-19 14:26:11.621000+00:00,16.0
2025-07-19 14:55:55.862000+00:00,18.0
2025-07-19 15:26:24.363000+00:00,17.0
2025-07-19 15:55:57.085000+00:00,17.0
2025-07-19 15:56:20.034000+00:00,17.0
2025-07-19 15:56:20.273000+00:00,17.0
2025-07-19 16:10:53.556000+00:00,19.0
2025-07-19 16:10:58.563000+00:00,19.0
2025-07-19 16:26:17.189000+00:00,17.0
2025-07-19 16:26:22.717000+00:00,17.0
2025-07-19 16:26:24.321000+00:00,17.0
2025-07-19 16:56:14.625000+00:00,17.0
2025-07-19 16:56:22.903000+00:00,17.0
2025-07-19 17:11:01.862000+00:00,18.0
2025-07-19 17:11:17.386000+00:00,18.0
2025-07-19 17:11:18.684000+00:00,18.0
2025-07-19 17:25:53.407000+00:00,18.0
2025-07-19 17:26:11.492000+00:00,18.0
2025-07-19 17:26:20.755000+00:00,18.0
2025-07-19 17:41:20.101000+00:00,17.0
2025-07-19 17:41:30.339000+00:00,17.0
2025-07-19 17:56:02.603000+00:00,18.0
2025-07-19 17:56:17.865000+00:00,18.0
2025-07-19 18:10:56.994000+00:00,17.0
2025-07-19 18:11:07.410000+00:00,17.0
2025-07-19 18:25:53.222000+00:00,17.0
2025-07-19 18:26:02.718000+00:00,17.0
2025-07-19 18:55:53.304000+00:00,18.0
2025-07-19 18:56:00.252000+00:00,18.0
2025-07-19 18:56:07.933000+00:00,18.0
2025-07-19 19:10:54.458000+00:00,17.0
2025-07-19 19:11:10.831000+00:00,17.0
2025-07-19 19:25:59.623000+00:00,19.0
2025-07-19 19:26:18.443000+00:00,19.0
2025-07-19 19:56:05.037000+00:00,17.0
2025-07-19 19:56:20.077000+00:00,17.0
2025-07-19 20:10:59.110000+00:00,19.0
2025-07-19 20:11:04.033000+00:00,19.0
2025-07-19 20:25:54.513000+00:00,18.0
2025-07-19 20:26:15.913000+00:00,18.0
2025-07-19 20:41:12.603000+00:00,18.0
2025-07-19 20:41:12.617000+00:00,18.0
2025-07-19 20:41:21.609000+00:00,18.0
2025-07-19 21:11:08.176000+00:00,17.0
2025-07-19 21:11:20.009000+00:00,17.0
