timestamp,end_timestamp,duration_minutes,original_power,controlled_power,power_reduction,reduction_percentage,decision,original_decision,activity_score,habit_score,confidence_score,filter_applied,filter_reason
2025-05-12 14:00:00+00:00,2025-05-12 15:00:00+00:00,60.0,23.975,15.115449376765199,8.859550623234803,36.95328727105235,delay_decision,keep_on,0.42803266927370487,0.5370769064280407,0.8,True,狀態持續時間不足
2025-05-12 15:30:00+00:00,2025-05-12 15:45:00+00:00,15.0,16.4,10.037986949138483,6.362013050861515,38.792762505253144,delay_decision,keep_on,0.3823525794027874,0.5161447513597478,0.7040539354405726,True,狀態持續時間不足
2025-05-12 17:30:00+00:00,2025-05-13 08:45:00+00:00,915.0,18.435714285714287,0.0,18.435714285714287,100.0,send_notification,keep_on,0.5339273881873652,0.417465317335947,0.7044500598687377,True,"長時間低功率修正(功率18.4W, 120.0分鐘)"
2025-05-13 10:30:00+00:00,2025-05-13 11:00:00+00:00,30.0,20.049999999999997,12.915492066205783,7.1345079337942146,35.58358071717813,delay_decision,keep_on,0.3949400274015004,0.5245126631711041,0.8,True,功率不穩定
2025-05-13 12:00:00+00:00,2025-05-13 12:15:00+00:00,15.0,18.7,0.0,18.7,100.0,suggest_shutdown,keep_on,0.4633383837888356,0.5157553837536566,0.8,True,休眠模式中的功率震盪
2025-05-13 13:00:00+00:00,2025-05-13 13:45:00+00:00,45.0,19.8,0.0,19.8,100.0,send_notification,keep_on,0.95,0.5173762433294118,0.8,True,"長時間低功率修正(功率19.8W, 60.0分鐘)"
2025-05-13 16:00:00+00:00,2025-05-13 17:45:00+00:00,105.0,17.32857142857143,0.0,17.32857142857143,100.0,send_notification,keep_on,0.9009414049980685,0.5161373391281321,0.706770850040387,True,時間感知休眠檢測(240.0分鐘)
2025-05-13 18:00:00+00:00,2025-05-14 08:30:00+00:00,870.0,18.727999999999998,0.0,18.727999999999998,100.0,suggest_shutdown,suggest_shutdown,0.05,0.4087119036120675,0.46764999611894353,False,濾波完成
2025-05-14 13:00:00+00:00,2025-05-14 13:15:00+00:00,15.0,16.0,0.0,16.0,100.0,send_notification,send_notification,0.25859705838946384,0.5173762433294118,0.8,True,時間感知休眠檢測(1500.0分鐘)
2025-05-14 13:45:00+00:00,2025-05-14 14:00:00+00:00,15.0,17.1,0.0,17.1,100.0,send_notification,keep_on,0.35559923436253915,0.5150376607228753,0.8,True,時間感知休眠檢測(1545.0分鐘)
2025-05-14 14:45:00+00:00,2025-05-14 16:00:00+00:00,75.0,17.699999999999996,0.0,17.699999999999996,100.0,send_notification,keep_on,0.5687697361660149,0.5241174136417242,0.8,True,時間感知休眠檢測(1605.0分鐘)
2025-05-14 16:30:00+00:00,2025-05-14 16:45:00+00:00,15.0,18.6,0.0,18.6,100.0,send_notification,keep_on,0.3379404239032896,0.5045260457156743,0.6925041256590405,True,"長時間低功率修正(功率18.6W, 1710.0分鐘)"
2025-05-14 17:00:00+00:00,2025-05-15 02:45:00+00:00,585.0,17.870588235294118,0.0,17.870588235294118,100.0,send_notification,keep_on,0.45587669557873867,0.4268202816779396,0.7470426950822963,True,時間感知休眠檢測(1740.0分鐘)
2025-05-15 03:00:00+00:00,2025-05-15 08:00:00+00:00,300.0,18.542105263157897,0.0,18.542105263157897,100.0,send_notification,keep_on,0.7973579522289763,0.2955303798939517,0.1,True,"長時間低功率修正(功率18.5W, 2340.0分鐘)"
2025-05-15 08:15:00+00:00,2025-05-15 09:15:00+00:00,60.0,16.825,0.0,16.825,100.0,suggest_shutdown,suggest_shutdown,0.05,0.42777704693367136,0.3370856194005721,True,時間感知休眠檢測(2655.0分鐘)
2025-05-15 10:30:00+00:00,2025-05-15 11:15:00+00:00,45.0,19.2,0.0,19.2,100.0,send_notification,keep_on,0.5831112573509326,0.5245126631711041,0.8,True,"長時間低功率修正(功率19.2W, 2790.0分鐘)"
2025-05-15 11:45:00+00:00,2025-05-15 12:30:00+00:00,45.0,17.2,0.0,17.2,100.0,send_notification,keep_on,0.5264446537023882,0.5045870958262587,0.8,True,時間感知休眠檢測(2865.0分鐘)
2025-05-15 14:15:00+00:00,2025-05-15 15:15:00+00:00,60.0,17.5,0.0,17.5,100.0,send_notification,keep_on,0.4097063866145256,0.5028265221244578,0.8,True,時間感知休眠檢測(3015.0分鐘)
2025-05-15 16:15:00+00:00,2025-05-15 17:45:00+00:00,90.0,16.925,0.0,16.925,100.0,send_notification,keep_on,0.8532979882679261,0.5198835154580586,0.7105879690091872,True,時間感知休眠檢測(3135.0分鐘)
2025-05-15 18:15:00+00:00,2025-05-16 10:00:00+00:00,945.0,18.096153846153847,0.0,18.096153846153847,100.0,send_notification,keep_on,0.8927726483020738,0.2955303798939517,0.48469447568884605,True,"長時間低功率修正(功率18.1W, 3255.0分鐘)"
2025-05-16 11:15:00+00:00,2025-05-16 11:30:00+00:00,15.0,18.8,0.0,18.8,100.0,send_notification,keep_on,0.480469243956567,0.5119093767150804,0.8,True,"長時間低功率修正(功率18.8W, 4275.0分鐘)"
2025-05-16 12:00:00+00:00,2025-05-16 12:15:00+00:00,15.0,21.4,15.393167107742642,6.006832892257357,28.06931258064186,delay_decision,send_notification,0.15322170226773882,0.5157553837536566,0.8,True,狀態持續時間不足
2025-05-16 13:00:00+00:00,2025-05-16 13:15:00+00:00,15.0,20.7,20.285999999999998,0.4140000000000015,2.000000000000007,keep_on,keep_on,0.6891984461663733,0.5173762433294118,0.8,False,濾波完成
2025-05-16 16:00:00+00:00,2025-05-16 16:30:00+00:00,30.0,18.2,17.836,0.36400000000000077,2.000000000000004,keep_on,keep_on,0.4312772723914382,0.5161373391281321,0.706770850040387,False,濾波完成
2025-05-16 17:15:00+00:00,2025-05-17 09:00:00+00:00,945.0,17.051666666666666,0.0,17.051666666666666,100.0,send_notification,send_notification,0.10966193226550748,0.426745784017186,0.737467080424166,True,時間感知休眠檢測(75.0分鐘)
2025-05-17 09:15:00+00:00,2025-05-17 11:45:00+00:00,150.0,21.200000000000003,0.0,21.200000000000003,100.0,send_notification,send_notification,0.3589332061408788,0.5163156287857065,0.4671342309668712,False,濾波完成
2025-05-17 12:00:00+00:00,2025-05-17 13:15:00+00:00,75.0,19.925,19.5265,0.3985000000000021,2.0000000000000107,keep_on,keep_on,0.41491671301587674,0.47869397110066464,0.6629372964347408,False,濾波完成
2025-05-17 13:45:00+00:00,2025-05-18 09:30:00+00:00,1185.0,17.219672131147544,0.0,17.219672131147544,100.0,suggest_shutdown,send_notification,0.5276249512413617,0.4752982122173741,0.6372899076073867,True,時間感知休眠檢測(105.0分鐘)
2025-05-18 09:45:00+00:00,2025-05-18 10:00:00+00:00,15.0,31.5,10.600627923236228,20.899372076763772,66.34721294210722,delay_decision,keep_on,0.9064427398722746,0.5166066119436915,0.40860669030929425,True,功率不穩定
2025-05-18 10:45:00+00:00,2025-05-18 12:45:00+00:00,120.0,18.2625,0.0,18.2625,100.0,suggest_shutdown,keep_on,0.9286483357855739,0.5204562859054018,0.6662789359157922,True,休眠模式中的功率震盪
2025-05-18 13:00:00+00:00,2025-05-18 13:30:00+00:00,30.0,22.25,10.546416797075779,11.703583202924221,52.600373945726844,delay_decision,keep_on,0.7060927529585541,0.49505262146731355,0.5858496821762298,True,功率不穩定
2025-05-18 13:45:00+00:00,2025-05-18 14:15:00+00:00,30.0,28.799999999999997,13.351167691450387,15.44883230854961,53.641778849130596,delay_decision,keep_on,0.8291476262301614,0.4752982122173741,0.6372899076073867,True,功率不穩定
2025-05-18 14:45:00+00:00,2025-05-18 15:15:00+00:00,30.0,29.35,11.552956938535106,17.797043061464898,60.63728470686507,delay_decision,keep_on,0.8568327432293424,0.5173551176709832,0.5147087780036177,True,功率不穩定
2025-05-18 15:30:00+00:00,2025-05-18 17:45:00+00:00,135.0,19.37777777777778,0.0,19.37777777777778,100.0,suggest_shutdown,suggest_shutdown,0.18086173805617692,0.5354104001310327,0.2869271598041765,True,休眠模式中的功率震盪
2025-05-18 18:30:00+00:00,2025-05-19 08:45:00+00:00,855.0,17.65818181818182,0.0,17.65818181818182,100.0,suggest_shutdown,suggest_shutdown,0.2774351594468222,0.2955303798939517,0.1,True,時間感知休眠檢測(180.0分鐘)
2025-05-19 09:45:00+00:00,2025-05-19 10:00:00+00:00,15.0,16.0,0.0,16.0,100.0,send_notification,keep_on,0.4928462521235861,0.5066970991855508,0.8,True,時間感知休眠檢測(1095.0分鐘)
2025-05-19 11:00:00+00:00,2025-05-19 12:15:00+00:00,75.0,17.666666666666668,0.0,17.666666666666668,100.0,send_notification,keep_on,0.7505584926897226,0.5071720993687256,0.8,True,時間感知休眠檢測(1170.0分鐘)
2025-05-19 14:00:00+00:00,2025-05-19 14:30:00+00:00,30.0,16.5,0.0,16.5,100.0,send_notification,keep_on,0.693475405189669,0.5370769064280407,0.8,True,時間感知休眠檢測(1350.0分鐘)
2025-05-19 15:45:00+00:00,2025-05-19 16:00:00+00:00,15.0,18.1,0.0,18.1,100.0,send_notification,keep_on,0.7107703613511576,0.5131031893923172,0.715141007936003,True,"長時間低功率修正(功率18.1W, 1455.0分鐘)"
2025-05-19 16:15:00+00:00,2025-05-19 16:45:00+00:00,30.0,17.95,0.0,17.95,100.0,send_notification,keep_on,0.8427586781808627,0.5198835154580586,0.7105879690091872,True,時間感知休眠檢測(1485.0分鐘)
2025-05-19 17:30:00+00:00,2025-05-20 08:30:00+00:00,900.0,18.228846153846156,0.0,18.228846153846156,100.0,send_notification,send_notification,0.08173146510902814,0.417465317335947,0.7044500598687377,False,濾波完成
2025-05-20 09:00:00+00:00,2025-05-20 09:15:00+00:00,15.0,16.0,0.0,16.0,100.0,send_notification,send_notification,0.1785812225646144,0.4329316485803065,0.8,True,時間感知休眠檢測(2490.0分鐘)
2025-05-20 10:30:00+00:00,2025-05-20 11:00:00+00:00,30.0,18.25,0.0,18.25,100.0,send_notification,keep_on,0.8189155529266566,0.5245126631711041,0.8,True,"長時間低功率修正(功率18.2W, 2580.0分鐘)"
2025-05-20 11:30:00+00:00,2025-05-20 11:45:00+00:00,15.0,16.2,0.0,16.2,100.0,send_notification,keep_on,0.6387401369846117,0.47996764135006786,0.8,True,時間感知休眠檢測(2640.0分鐘)
2025-05-20 12:30:00+00:00,2025-05-20 12:45:00+00:00,15.0,34.5,24.69577009391989,9.80422990608011,28.418057698782928,delay_decision,send_notification,0.18298096542934977,0.4976209578634147,0.8,True,功率不穩定
2025-05-20 13:00:00+00:00,2025-05-20 13:45:00+00:00,45.0,16.5,8.98920871644585,7.51079128355415,45.519947173055456,delay_decision,keep_on,0.7332886624391037,0.5173762433294118,0.8,True,狀態持續時間不足
2025-05-20 14:00:00+00:00,2025-05-20 14:15:00+00:00,15.0,21.3,10.093578567924823,11.206421432075178,52.612307192841214,delay_decision,keep_on,0.95,0.5370769064280407,0.8,True,狀態持續時間不足
2025-05-20 14:45:00+00:00,2025-05-20 15:15:00+00:00,30.0,16.0,10.112617540636567,5.887382459363433,36.79614037102146,delay_decision,keep_on,0.43575393205899127,0.5241174136417242,0.8,True,狀態持續時間不足
2025-05-20 15:45:00+00:00,2025-05-20 16:15:00+00:00,30.0,18.6,0.0,18.6,100.0,send_notification,keep_on,0.3994962221193973,0.5131031893923172,0.715141007936003,True,"長時間低功率修正(功率18.6W, 60.0分鐘)"
2025-05-20 16:45:00+00:00,2025-05-21 08:15:00+00:00,930.0,18.798039215686273,0.0,18.798039215686273,100.0,send_notification,keep_on,0.8389947175369813,0.46380388333130007,0.6993724443483792,True,"長時間低功率修正(功率18.8W, 120.0分鐘)"
2025-05-21 08:30:00+00:00,2025-05-21 09:00:00+00:00,30.0,17.7,0.0,17.7,100.0,suggest_shutdown,send_notification,0.524553355812165,0.5953198465839821,0.42101338564121527,True,時間感知休眠檢測(1065.0分鐘)
2025-05-21 09:15:00+00:00,2025-05-21 09:30:00+00:00,15.0,21.2,13.0375498479975,8.1624501520025,38.50212335850235,delay_decision,keep_on,0.5223243235039013,0.494413121779511,0.8,True,狀態持續時間不足
2025-05-21 11:00:00+00:00,2025-05-21 11:15:00+00:00,15.0,20.6,20.188000000000002,0.41199999999999903,1.9999999999999951,keep_on,keep_on,0.3710796180274174,0.5071720993687256,0.8,False,濾波完成
2025-05-21 11:45:00+00:00,2025-05-21 13:15:00+00:00,90.0,17.650000000000002,0.0,17.650000000000002,100.0,send_notification,send_notification,0.20248047328503715,0.5045870958262587,0.8,False,濾波完成
2025-05-21 13:45:00+00:00,2025-05-21 14:30:00+00:00,45.0,17.833333333333332,0.0,17.833333333333332,100.0,send_notification,keep_on,0.7040894687417333,0.5150376607228753,0.8,True,時間感知休眠檢測(120.0分鐘)
2025-05-21 15:15:00+00:00,2025-05-21 15:30:00+00:00,15.0,17.2,0.0,17.2,100.0,send_notification,keep_on,0.5577780640659803,0.49095070464530255,0.6838195395134367,True,時間感知休眠檢測(210.0分鐘)
2025-05-21 17:00:00+00:00,2025-05-22 08:00:00+00:00,900.0,18.23125,0.0,18.23125,100.0,send_notification,send_notification,0.3083630302425452,0.4268202816779396,0.7470426950822963,False,濾波完成
2025-05-22 08:45:00+00:00,2025-05-22 09:30:00+00:00,45.0,18.133333333333333,0.0,18.133333333333333,100.0,send_notification,suggest_shutdown,0.05,0.5316534483903702,0.45048581661727294,True,濾波完成
2025-05-22 11:00:00+00:00,2025-05-22 12:30:00+00:00,90.0,18.983333333333334,0.0,18.983333333333334,100.0,send_notification,keep_on,0.7711963083150565,0.5071720993687256,0.8,True,"長時間低功率修正(功率19.0W, 1395.0分鐘)"
2025-05-22 12:45:00+00:00,2025-05-22 13:00:00+00:00,15.0,16.2,0.0,16.2,100.0,send_notification,keep_on,0.8348795587094799,0.5137544824748767,0.8,True,時間感知休眠檢測(1500.0分鐘)
2025-05-22 13:30:00+00:00,2025-05-22 13:45:00+00:00,15.0,22.2,21.756,0.44399999999999906,1.9999999999999958,keep_on,keep_on,0.5836849304522354,0.5084843211717069,0.8,False,濾波完成
2025-05-22 14:00:00+00:00,2025-05-22 14:15:00+00:00,15.0,16.0,7.582030849145406,8.417969150854594,52.612307192841214,delay_decision,keep_on,0.95,0.5370769064280407,0.8,True,狀態持續時間不足
2025-05-22 14:30:00+00:00,2025-05-22 14:45:00+00:00,15.0,35.2,22.011176637798506,13.188823362201497,37.46824818807243,delay_decision,keep_on,0.4933102323176638,0.4889647072847506,0.8,True,狀態持續時間不足
2025-05-22 16:30:00+00:00,2025-05-22 17:30:00+00:00,60.0,18.8,0.0,18.8,100.0,suggest_shutdown,keep_on,0.5166702944351266,0.5045260457156743,0.6925041256590405,True,休眠模式中的功率震盪
2025-05-22 18:00:00+00:00,2025-05-23 08:30:00+00:00,870.0,18.194117647058825,0.0,18.194117647058825,100.0,send_notification,keep_on,0.7793869600151642,0.4087119036120675,0.46764999611894353,True,"長時間低功率修正(功率18.2W, 90.0分鐘)"
2025-05-23 09:45:00+00:00,2025-05-23 10:15:00+00:00,30.0,18.55,0.0,18.55,100.0,suggest_shutdown,send_notification,0.1387246296575372,0.5066970991855508,0.8,True,休眠模式中的功率震盪
2025-05-23 13:30:00+00:00,2025-05-23 14:00:00+00:00,30.0,17.65,0.0,17.65,100.0,send_notification,keep_on,0.8649706373867779,0.5084843211717069,0.8,True,時間感知休眠檢測(1260.0分鐘)
2025-05-23 14:45:00+00:00,2025-05-23 15:00:00+00:00,15.0,18.1,0.0,18.1,100.0,send_notification,keep_on,0.8258358916441731,0.5241174136417242,0.8,True,"長時間低功率修正(功率18.1W, 1335.0分鐘)"
2025-05-23 15:30:00+00:00,2025-05-23 15:45:00+00:00,15.0,18.6,0.0,18.6,100.0,send_notification,keep_on,0.43454199999790655,0.5161447513597478,0.7040539354405726,True,"長時間低功率修正(功率18.6W, 1380.0分鐘)"
2025-05-23 16:45:00+00:00,2025-05-24 10:45:00+00:00,1080.0,17.1140625,0.0,17.1140625,100.0,send_notification,keep_on,0.5177139303869677,0.46380388333130007,0.6993724443483792,True,時間感知休眠檢測(1455.0分鐘)
2025-05-24 11:15:00+00:00,2025-05-24 15:00:00+00:00,225.0,22.220000000000002,21.7756,0.4444000000000017,2.000000000000007,keep_on,keep_on,0.7249278250578842,0.48638607716643734,0.673626901580797,False,濾波完成
2025-05-24 15:15:00+00:00,2025-05-24 15:45:00+00:00,30.0,18.3,17.934,0.36599999999999966,1.999999999999998,keep_on,keep_on,0.8485672058581568,0.5179301609877203,0.33621639966768846,False,濾波完成
2025-05-24 16:00:00+00:00,2025-05-25 08:15:00+00:00,975.0,16.391379310344828,0.0,16.391379310344828,100.0,suggest_shutdown,send_notification,0.38613631294045453,0.46838248526107906,0.3479440672448729,True,時間感知休眠檢測(45.0分鐘)
2025-05-25 08:30:00+00:00,2025-05-25 09:45:00+00:00,75.0,17.419999999999998,0.0,17.419999999999998,100.0,suggest_shutdown,delay_decision,0.6187766238169741,0.4271996637412165,0.1485033414849377,True,時間感知休眠檢測(1035.0分鐘)
2025-05-25 11:00:00+00:00,2025-05-25 14:15:00+00:00,195.0,21.619999999999997,13.550198015211873,8.069801984788125,37.32563360216524,delay_decision,suggest_shutdown,0.2003901434103275,0.5257353647645678,0.6114532910770404,True,功率不穩定
2025-05-25 14:30:00+00:00,2025-05-25 16:00:00+00:00,90.0,20.999999999999996,13.341939109859041,7.6580608901409555,36.46695661971884,delay_decision,suggest_shutdown,0.2122358084946591,0.5163156287857065,0.6347396624673031,True,功率不穩定
2025-05-25 16:15:00+00:00,2025-05-25 17:00:00+00:00,45.0,16.0,6.0470175231038965,9.952982476896103,62.206140480600645,delay_decision,delay_decision,0.6529348746985615,0.4757637323502845,0.2913704432716183,True,狀態持續時間不足
2025-05-25 17:15:00+00:00,2025-05-26 08:45:00+00:00,930.0,17.22727272727273,0.0,17.22727272727273,100.0,suggest_shutdown,suggest_shutdown,0.2941152278889571,0.41887839996602494,0.2675001022345197,True,時間感知休眠檢測(60.0分鐘)
2025-05-26 09:00:00+00:00,2025-05-26 09:30:00+00:00,30.0,16.6,0.0,16.6,100.0,send_notification,keep_on,0.4330893101920065,0.4329316485803065,0.8,True,時間感知休眠檢測(1005.0分鐘)
2025-05-26 10:15:00+00:00,2025-05-26 10:30:00+00:00,15.0,20.1,0.0,20.1,100.0,suggest_shutdown,keep_on,0.5846912781623758,0.4160090395556399,0.8,True,濾波完成
2025-05-26 10:45:00+00:00,2025-05-26 11:30:00+00:00,45.0,20.166666666666668,0.0,20.166666666666668,100.0,suggest_shutdown,keep_on,0.5526987855404509,0.5101304054295696,0.8,True,濾波完成
2025-05-26 11:45:00+00:00,2025-05-26 12:00:00+00:00,15.0,19.8,0.0,19.8,100.0,send_notification,keep_on,0.8014122979873449,0.5045870958262587,0.8,True,濾波完成
2025-05-26 12:30:00+00:00,2025-05-26 13:00:00+00:00,30.0,17.05,0.0,17.05,100.0,send_notification,keep_on,0.48092494135744485,0.4976209578634147,0.8,True,時間感知休眠檢測(45.0分鐘)
2025-05-26 13:45:00+00:00,2025-05-26 14:00:00+00:00,15.0,35.0,20.957184260565782,14.042815739434218,40.12233068409777,delay_decision,keep_on,0.5557066954137169,0.5150376607228753,0.8,True,狀態持續時間不足
2025-05-26 14:15:00+00:00,2025-05-26 15:30:00+00:00,75.0,19.4,0.0,19.4,100.0,suggest_shutdown,keep_on,0.8976236133496274,0.5028265221244578,0.8,True,休眠模式中的功率震盪
2025-05-26 15:45:00+00:00,2025-05-27 08:00:00+00:00,975.0,18.13061224489796,0.0,18.13061224489796,100.0,send_notification,keep_on,0.4737549287465351,0.5131031893923172,0.715141007936003,True,"長時間低功率修正(功率18.1W, 90.0分鐘)"
2025-05-27 08:15:00+00:00,2025-05-27 08:45:00+00:00,30.0,18.6,0.0,18.6,100.0,suggest_shutdown,suggest_shutdown,0.2569712053474059,0.42777704693367136,0.3370856194005721,True,休眠模式中的功率震盪
2025-05-27 09:00:00+00:00,2025-05-27 09:15:00+00:00,15.0,20.3,11.052929211402015,9.247070788597986,45.55207285023638,delay_decision,keep_on,0.8188041130942396,0.4329316485803065,0.8,True,功率不穩定
2025-05-27 09:30:00+00:00,2025-05-27 09:45:00+00:00,15.0,17.7,17.346,0.3539999999999992,1.9999999999999956,keep_on,keep_on,0.95,0.47271088534916744,0.8,False,濾波完成
2025-05-27 11:00:00+00:00,2025-05-27 11:15:00+00:00,15.0,16.2,0.0,16.2,100.0,send_notification,send_notification,0.19519976802697855,0.5071720993687256,0.8,True,時間感知休眠檢測(90.0分鐘)
2025-05-27 11:45:00+00:00,2025-05-27 12:15:00+00:00,30.0,16.15,0.0,16.15,100.0,send_notification,keep_on,0.5705225558788183,0.5045870958262587,0.8,True,時間感知休眠檢測(135.0分鐘)
2025-05-27 13:45:00+00:00,2025-05-27 14:15:00+00:00,30.0,18.3,0.0,18.3,100.0,send_notification,keep_on,0.6952815899585073,0.5150376607228753,0.8,True,"長時間低功率修正(功率18.3W, 255.0分鐘)"
2025-05-27 15:00:00+00:00,2025-05-27 15:30:00+00:00,30.0,20.65,20.237,0.41300000000000026,2.0000000000000013,keep_on,keep_on,0.4716218974829625,0.4890021430418968,0.7017461485528944,False,濾波完成
2025-05-27 15:45:00+00:00,2025-05-27 17:30:00+00:00,105.0,18.628571428571426,18.255999999999997,0.37257142857142966,2.0000000000000058,keep_on,keep_on,0.6910912306516488,0.5131031893923172,0.715141007936003,False,濾波完成
2025-05-27 18:00:00+00:00,2025-05-28 08:45:00+00:00,885.0,18.259615384615383,0.0,18.259615384615383,100.0,send_notification,send_notification,0.34497402999278204,0.4087119036120675,0.46764999611894353,False,濾波完成
2025-05-28 09:15:00+00:00,2025-05-28 09:45:00+00:00,30.0,21.6,0.0,21.6,100.0,send_notification,send_notification,0.2245602432442697,0.494413121779511,0.8,False,濾波完成
2025-05-28 10:15:00+00:00,2025-05-28 10:30:00+00:00,15.0,19.3,18.914,0.38599999999999923,1.9999999999999958,keep_on,keep_on,0.95,0.4160090395556399,0.8,False,濾波完成
2025-05-28 11:15:00+00:00,2025-05-28 11:30:00+00:00,15.0,17.8,0.0,17.8,100.0,send_notification,keep_on,0.6020726616541948,0.5119093767150804,0.8,True,時間感知休眠檢測(60.0分鐘)
2025-05-28 12:00:00+00:00,2025-05-28 12:15:00+00:00,15.0,17.1,0.0,17.1,100.0,send_notification,keep_on,0.6323026733722453,0.5157553837536566,0.8,True,時間感知休眠檢測(105.0分鐘)
2025-05-28 12:30:00+00:00,2025-05-28 13:00:00+00:00,30.0,18.1,0.0,18.1,100.0,send_notification,keep_on,0.5369023568754003,0.4976209578634147,0.8,True,"長時間低功率修正(功率18.1W, 135.0分鐘)"
2025-05-28 14:45:00+00:00,2025-05-28 15:15:00+00:00,30.0,19.3,0.0,19.3,100.0,send_notification,keep_on,0.8253371603888081,0.5241174136417242,0.8,True,"長時間低功率修正(功率19.3W, 270.0分鐘)"
2025-05-28 16:00:00+00:00,2025-05-29 09:00:00+00:00,1020.0,18.24,0.0,18.24,100.0,send_notification,keep_on,0.95,0.5161373391281321,0.706770850040387,True,"長時間低功率修正(功率18.2W, 345.0分鐘)"
2025-05-29 09:45:00+00:00,2025-05-29 10:30:00+00:00,45.0,22.100000000000005,21.658000000000005,0.44200000000000017,2.0000000000000004,keep_on,keep_on,0.8871823387470372,0.5066970991855508,0.8,False,濾波完成
2025-05-29 10:45:00+00:00,2025-05-29 11:30:00+00:00,45.0,18.366666666666667,17.999333333333333,0.3673333333333346,2.000000000000007,keep_on,keep_on,0.638970746117442,0.5101304054295696,0.8,False,濾波完成
2025-05-29 12:45:00+00:00,2025-05-29 13:30:00+00:00,45.0,16.85,0.0,16.85,100.0,send_notification,keep_on,0.8585266042363499,0.5137544824748767,0.8,True,時間感知休眠檢測(120.0分鐘)
2025-05-29 13:45:00+00:00,2025-05-29 14:45:00+00:00,60.0,18.25,0.0,18.25,100.0,send_notification,send_notification,0.07612572030084915,0.5150376607228753,0.8,False,濾波完成
2025-05-29 15:30:00+00:00,2025-05-29 16:00:00+00:00,30.0,18.55,0.0,18.55,100.0,send_notification,keep_on,0.4204823807645231,0.5161447513597478,0.7040539354405726,True,"長時間低功率修正(功率18.6W, 285.0分鐘)"
2025-05-29 16:45:00+00:00,2025-05-30 08:30:00+00:00,945.0,18.229629629629628,0.0,18.229629629629628,100.0,send_notification,keep_on,0.8195751947429795,0.46380388333130007,0.6993724443483792,True,"長時間低功率修正(功率18.2W, 360.0分鐘)"
2025-05-30 08:45:00+00:00,2025-05-30 09:00:00+00:00,15.0,17.5,0.0,17.5,100.0,suggest_shutdown,suggest_shutdown,0.05,0.5316534483903702,0.45048581661727294,True,時間感知休眠檢測(1320.0分鐘)
2025-05-30 09:45:00+00:00,2025-05-30 10:00:00+00:00,15.0,19.3,0.0,19.3,100.0,send_notification,keep_on,0.3912538439142562,0.5066970991855508,0.8,True,"長時間低功率修正(功率19.3W, 1380.0分鐘)"
2025-05-30 10:30:00+00:00,2025-05-30 11:00:00+00:00,30.0,16.45,0.0,16.45,100.0,send_notification,send_notification,0.08677448903463691,0.5245126631711041,0.8,True,時間感知休眠檢測(1425.0分鐘)
2025-05-30 11:30:00+00:00,2025-05-30 13:15:00+00:00,105.0,16.95,0.0,16.95,100.0,send_notification,keep_on,0.7867388937996125,0.47996764135006786,0.8,True,時間感知休眠檢測(1485.0分鐘)
2025-05-30 13:45:00+00:00,2025-05-30 14:00:00+00:00,15.0,16.0,0.0,16.0,100.0,send_notification,keep_on,0.5147004170908981,0.5150376607228753,0.8,True,時間感知休眠檢測(1620.0分鐘)
2025-05-30 15:45:00+00:00,2025-05-30 16:15:00+00:00,30.0,17.25,0.0,17.25,100.0,send_notification,send_notification,0.2736155462796106,0.5131031893923172,0.715141007936003,True,時間感知休眠檢測(1740.0分鐘)
2025-05-30 18:00:00+00:00,2025-05-31 08:15:00+00:00,855.0,17.110204081632652,0.0,17.110204081632652,100.0,suggest_shutdown,keep_on,0.8466993524597548,0.4087119036120675,0.46764999611894353,True,時間感知休眠檢測(1875.0分鐘)
2025-05-31 08:30:00+00:00,2025-05-31 12:45:00+00:00,255.0,22.200000000000003,8.467257287466005,13.732742712533998,61.859201407810794,delay_decision,delay_decision,0.4994448384990602,0.4271996637412165,0.1485033414849377,True,功率不穩定
2025-05-31 13:00:00+00:00,2025-05-31 14:00:00+00:00,60.0,22.766666666666666,15.247710631064635,7.518956035602031,33.02616121055065,delay_decision,suggest_shutdown,0.05361899511934784,0.49505262146731355,0.5858496821762298,True,功率不穩定
2025-05-31 14:15:00+00:00,2025-05-31 17:00:00+00:00,165.0,22.122222222222224,12.922429468216807,9.199792754005417,41.586205316950654,delay_decision,suggest_shutdown,0.171434141586768,0.5345319169978561,0.4898194110147017,True,功率不穩定
2025-05-31 17:15:00+00:00,2025-06-01 09:00:00+00:00,945.0,16.509090909090908,8.94569893599957,7.563391973091338,45.813497634363834,delay_decision,suggest_shutdown,0.13157165749212943,0.41887839996602494,0.2675001022345197,True,狀態持續時間不足
2025-06-01 09:30:00+00:00,2025-06-01 09:45:00+00:00,15.0,33.8,12.781988262322885,21.018011737677114,62.1834666795181,delay_decision,keep_on,0.786746111779844,0.5349758830841034,0.43670482916000825,True,狀態持續時間不足
2025-06-01 10:15:00+00:00,2025-06-01 13:00:00+00:00,165.0,21.355555555555554,9.05709985925476,12.298455696300794,57.58902251129404,delay_decision,keep_on,0.848891269449693,0.5174508900932034,0.5850310568748213,True,功率不穩定
2025-06-01 13:45:00+00:00,2025-06-01 14:15:00+00:00,30.0,32.5,17.518429503926086,14.981570496073914,46.09713998791973,delay_decision,send_notification,0.5776596641897993,0.4752982122173741,0.6372899076073867,True,功率不穩定
2025-06-01 15:00:00+00:00,2025-06-01 15:15:00+00:00,15.0,27.6,14.544250265864967,13.055749734135034,47.30344106570664,delay_decision,suggest_shutdown,0.07620801453413112,0.512141116288588,0.2586758214743734,True,功率不穩定
2025-06-01 15:30:00+00:00,2025-06-01 16:00:00+00:00,30.0,25.65,10.32059516181026,15.329404838189738,59.763761552396645,delay_decision,delay_decision,0.5059511980210906,0.5354104001310327,0.2869271598041765,True,功率不穩定
2025-06-01 16:15:00+00:00,2025-06-01 17:00:00+00:00,45.0,16.0,6.714924527277319,9.285075472722681,58.031721704516755,delay_decision,delay_decision,0.5137875821624317,0.4757637323502845,0.2913704432716183,True,狀態持續時間不足
2025-06-01 17:15:00+00:00,2025-06-01 17:45:00+00:00,30.0,16.0,0.0,16.0,100.0,suggest_shutdown,delay_decision,0.4276916518192357,0.41887839996602494,0.2675001022345197,True,時間感知休眠檢測(60.0分鐘)
2025-06-01 18:00:00+00:00,2025-06-02 08:30:00+00:00,870.0,17.348076923076924,0.0,17.348076923076924,100.0,suggest_shutdown,delay_decision,0.35835294864039924,0.2955303798939517,0.1,True,時間感知休眠檢測(105.0分鐘)
2025-06-02 10:00:00+00:00,2025-06-02 10:15:00+00:00,15.0,16.2,0.0,16.2,100.0,send_notification,keep_on,0.5340608375988835,0.49739771945958955,0.8,True,時間感知休眠檢測(1065.0分鐘)
2025-06-02 11:15:00+00:00,2025-06-02 12:15:00+00:00,60.0,17.75,0.0,17.75,100.0,send_notification,keep_on,0.8781936153982478,0.5119093767150804,0.8,True,時間感知休眠檢測(1140.0分鐘)
2025-06-02 12:45:00+00:00,2025-06-02 14:00:00+00:00,75.0,17.96,0.0,17.96,100.0,send_notification,keep_on,0.95,0.5137544824748767,0.8,True,時間感知休眠檢測(1230.0分鐘)
2025-06-02 15:15:00+00:00,2025-06-02 15:30:00+00:00,15.0,35.0,21.970946774005306,13.029053225994694,37.225866359984835,delay_decision,send_notification,0.32833756003877423,0.49095070464530255,0.6838195395134367,True,狀態持續時間不足
2025-06-02 16:30:00+00:00,2025-06-03 08:00:00+00:00,930.0,18.028000000000002,0.0,18.028000000000002,100.0,suggest_shutdown,keep_on,0.6619470845072677,0.5045260457156743,0.6925041256590405,True,休眠模式中的功率震盪
2025-06-03 09:30:00+00:00,2025-06-03 09:45:00+00:00,15.0,18.3,0.0,18.3,100.0,suggest_shutdown,send_notification,0.05,0.47271088534916744,0.8,True,休眠模式中的功率震盪
2025-06-03 11:30:00+00:00,2025-06-03 12:45:00+00:00,75.0,19.525000000000002,0.0,19.525000000000002,100.0,send_notification,keep_on,0.5242055784349857,0.47996764135006786,0.8,True,"長時間低功率修正(功率19.5W, 1140.0分鐘)"
2025-06-03 13:00:00+00:00,2025-06-03 13:15:00+00:00,15.0,18.6,0.0,18.6,100.0,send_notification,keep_on,0.529439754251473,0.5173762433294118,0.8,True,"長時間低功率修正(功率18.6W, 1230.0分鐘)"
2025-06-03 13:30:00+00:00,2025-06-03 14:30:00+00:00,60.0,18.933333333333334,0.0,18.933333333333334,100.0,send_notification,send_notification,0.23372871971552306,0.5084843211717069,0.8,False,濾波完成
2025-06-03 15:30:00+00:00,2025-06-04 08:15:00+00:00,1005.0,18.020689655172415,0.0,18.020689655172415,100.0,send_notification,send_notification,0.25802828022874524,0.5161447513597478,0.7040539354405726,False,濾波完成
2025-06-04 08:30:00+00:00,2025-06-04 08:45:00+00:00,15.0,16.0,0.0,16.0,100.0,suggest_shutdown,send_notification,0.4163099082031106,0.5953198465839821,0.42101338564121527,True,時間感知休眠檢測(2400.0分鐘)
2025-06-04 09:15:00+00:00,2025-06-04 09:30:00+00:00,15.0,17.1,0.0,17.1,100.0,send_notification,keep_on,0.36866919426074846,0.494413121779511,0.8,True,時間感知休眠檢測(2445.0分鐘)
2025-06-04 10:30:00+00:00,2025-06-04 10:45:00+00:00,15.0,17.5,0.0,17.5,100.0,send_notification,keep_on,0.53601435117522,0.5245126631711041,0.8,True,時間感知休眠檢測(2520.0分鐘)
2025-06-04 11:45:00+00:00,2025-06-04 12:30:00+00:00,45.0,17.25,0.0,17.25,100.0,send_notification,keep_on,0.6806727773111104,0.5045870958262587,0.8,True,時間感知休眠檢測(2595.0分鐘)
2025-06-04 13:00:00+00:00,2025-06-04 13:45:00+00:00,45.0,18.65,0.0,18.65,100.0,send_notification,keep_on,0.7090101883602109,0.5173762433294118,0.8,True,"長時間低功率修正(功率18.6W, 2670.0分鐘)"
2025-06-04 16:30:00+00:00,2025-06-04 16:45:00+00:00,15.0,16.0,0.0,16.0,100.0,send_notification,keep_on,0.95,0.5045260457156743,0.6925041256590405,True,時間感知休眠檢測(2880.0分鐘)
2025-06-04 17:00:00+00:00,2025-06-05 08:00:00+00:00,900.0,17.86078431372549,0.0,17.86078431372549,100.0,send_notification,send_notification,0.16061359879017306,0.4268202816779396,0.7470426950822963,True,時間感知休眠檢測(2910.0分鐘)
2025-06-05 08:15:00+00:00,2025-06-05 08:45:00+00:00,30.0,19.7,0.0,19.7,100.0,send_notification,suggest_shutdown,0.24345675321683907,0.42777704693367136,0.3370856194005721,True,濾波完成
2025-06-05 09:15:00+00:00,2025-06-05 09:30:00+00:00,15.0,17.0,0.0,17.0,100.0,send_notification,keep_on,0.575400542577387,0.494413121779511,0.8,True,時間感知休眠檢測(3885.0分鐘)
2025-06-05 09:45:00+00:00,2025-06-05 10:30:00+00:00,45.0,18.65,0.0,18.65,100.0,send_notification,keep_on,0.6595771608503951,0.5066970991855508,0.8,True,"長時間低功率修正(功率18.6W, 3915.0分鐘)"
2025-06-05 11:00:00+00:00,2025-06-05 11:30:00+00:00,30.0,18.75,0.0,18.75,100.0,send_notification,keep_on,0.6949628199073894,0.5071720993687256,0.8,True,"長時間低功率修正(功率18.8W, 3990.0分鐘)"
2025-06-05 12:00:00+00:00,2025-06-05 13:00:00+00:00,60.0,18.2,0.0,18.2,100.0,send_notification,keep_on,0.358334422531863,0.5157553837536566,0.8,True,"長時間低功率修正(功率18.2W, 4050.0分鐘)"
2025-06-05 14:00:00+00:00,2025-06-05 14:15:00+00:00,15.0,16.0,0.0,16.0,100.0,send_notification,keep_on,0.5885842033897265,0.5370769064280407,0.8,True,時間感知休眠檢測(4170.0分鐘)
2025-06-05 15:45:00+00:00,2025-06-05 16:15:00+00:00,30.0,17.9,0.0,17.9,100.0,send_notification,keep_on,0.8696510085677795,0.5131031893923172,0.715141007936003,True,時間感知休眠檢測(4275.0分鐘)
2025-06-05 16:30:00+00:00,2025-06-05 17:15:00+00:00,45.0,18.433333333333334,0.0,18.433333333333334,100.0,send_notification,keep_on,0.4762675974878041,0.5045260457156743,0.6925041256590405,True,"長時間低功率修正(功率18.4W, 4320.0分鐘)"
2025-06-05 17:30:00+00:00,2025-06-06 08:00:00+00:00,870.0,17.812,0.0,17.812,100.0,send_notification,send_notification,0.2335174425156686,0.417465317335947,0.7044500598687377,True,時間感知休眠檢測(4380.0分鐘)
2025-06-06 08:30:00+00:00,2025-06-06 08:45:00+00:00,15.0,16.0,0.0,16.0,100.0,suggest_shutdown,suggest_shutdown,0.10964544265326828,0.5953198465839821,0.42101338564121527,True,時間感知休眠檢測(5280.0分鐘)
2025-06-06 09:15:00+00:00,2025-06-06 09:30:00+00:00,15.0,18.3,0.0,18.3,100.0,send_notification,keep_on,0.5737352339811027,0.494413121779511,0.8,True,"長時間低功率修正(功率18.3W, 5325.0分鐘)"
2025-06-06 10:30:00+00:00,2025-06-06 11:15:00+00:00,45.0,16.9,0.0,16.9,100.0,send_notification,keep_on,0.5173517915879674,0.5245126631711041,0.8,True,時間感知休眠檢測(5400.0分鐘)
2025-06-06 14:15:00+00:00,2025-06-06 14:30:00+00:00,15.0,19.7,0.0,19.7,100.0,send_notification,keep_on,0.4371992867198085,0.5028265221244578,0.8,True,"長時間低功率修正(功率19.7W, 5625.0分鐘)"
2025-06-06 14:45:00+00:00,2025-06-06 15:15:00+00:00,30.0,18.4,0.0,18.4,100.0,send_notification,keep_on,0.732486997364059,0.5241174136417242,0.8,True,"長時間低功率修正(功率18.4W, 5655.0分鐘)"
2025-06-06 15:30:00+00:00,2025-06-07 11:45:00+00:00,1215.0,17.98030303030303,0.0,17.98030303030303,100.0,send_notification,keep_on,0.5089946648480496,0.5161447513597478,0.7040539354405726,True,時間感知休眠檢測(5700.0分鐘)
2025-06-07 12:00:00+00:00,2025-06-07 14:00:00+00:00,120.0,21.5625,0.0,21.5625,100.0,send_notification,send_notification,0.27970803498380714,0.47869397110066464,0.6629372964347408,False,濾波完成
2025-06-07 14:15:00+00:00,2025-06-07 15:15:00+00:00,60.0,21.53333333333333,21.102666666666664,0.4306666666666672,2.0000000000000027,keep_on,keep_on,0.6759559324500665,0.5345319169978561,0.4898194110147017,False,濾波完成
2025-06-07 15:30:00+00:00,2025-06-08 09:30:00+00:00,1080.0,16.834999999999997,6.899995810370144,9.935004189629854,59.01398390038525,delay_decision,delay_decision,0.48095860962071024,0.5354104001310327,0.2869271598041765,True,狀態持續時間不足
2025-06-08 09:45:00+00:00,2025-06-08 10:00:00+00:00,15.0,32.4,18.38291670175412,14.017083298245879,43.26260277236383,delay_decision,suggest_shutdown,0.1369557342141618,0.5166066119436915,0.40860669030929425,True,狀態持續時間不足
2025-06-08 10:30:00+00:00,2025-06-08 10:45:00+00:00,15.0,24.8,11.46780321937324,13.332196780626761,53.75885798639823,delay_decision,keep_on,0.8504369129658014,0.5082752848557153,0.6750626987061819,True,功率不穩定
2025-06-08 11:00:00+00:00,2025-06-08 11:45:00+00:00,45.0,19.233333333333334,0.0,19.233333333333334,100.0,suggest_shutdown,send_notification,0.4073912717361534,0.5257353647645678,0.6114532910770404,True,休眠模式中的功率震盪
2025-06-08 12:00:00+00:00,2025-06-08 13:30:00+00:00,90.0,18.16,0.0,18.16,100.0,send_notification,keep_on,0.837681858348068,0.47869397110066464,0.6629372964347408,True,"長時間低功率修正(功率18.2W, 60.0分鐘)"
2025-06-08 13:45:00+00:00,2025-06-08 14:45:00+00:00,60.0,24.225,15.454388912060747,8.770611087939255,36.20479293266978,delay_decision,suggest_shutdown,0.24791476234813445,0.4752982122173741,0.6372899076073867,True,功率不穩定
2025-06-08 15:00:00+00:00,2025-06-09 08:30:00+00:00,1050.0,17.526229508196717,0.0,17.526229508196717,100.0,suggest_shutdown,delay_decision,0.42792975180435106,0.512141116288588,0.2586758214743734,True,休眠模式中的功率震盪
2025-06-09 08:45:00+00:00,2025-06-09 09:15:00+00:00,30.0,18.65,0.0,18.65,100.0,suggest_shutdown,suggest_shutdown,0.05,0.5316534483903702,0.45048581661727294,True,休眠模式中的功率震盪
2025-06-09 11:15:00+00:00,2025-06-09 11:45:00+00:00,30.0,16.3,0.0,16.3,100.0,send_notification,keep_on,0.41623700139808384,0.5119093767150804,0.8,True,時間感知休眠檢測(1215.0分鐘)
2025-06-09 12:30:00+00:00,2025-06-09 14:15:00+00:00,105.0,17.74285714285714,0.0,17.74285714285714,100.0,send_notification,keep_on,0.8628914911232461,0.4976209578634147,0.8,True,時間感知休眠檢測(1290.0分鐘)
2025-06-09 14:30:00+00:00,2025-06-09 15:15:00+00:00,45.0,16.299999999999997,0.0,16.299999999999997,100.0,send_notification,keep_on,0.744617695801671,0.4889647072847506,0.8,True,時間感知休眠檢測(1410.0分鐘)
2025-06-09 16:00:00+00:00,2025-06-09 17:15:00+00:00,75.0,18.08,0.0,18.08,100.0,send_notification,send_notification,0.20393233106920808,0.5161373391281321,0.706770850040387,False,濾波完成
2025-06-09 17:45:00+00:00,2025-06-10 08:30:00+00:00,885.0,18.599999999999998,0.0,18.599999999999998,100.0,send_notification,keep_on,0.7287292160828599,0.4183552749825603,0.6756932758366153,True,"長時間低功率修正(功率18.6W, 1605.0分鐘)"
2025-06-10 08:45:00+00:00,2025-06-10 09:15:00+00:00,30.0,16.75,0.0,16.75,100.0,suggest_shutdown,suggest_shutdown,0.06852508962543247,0.5316534483903702,0.45048581661727294,True,時間感知休眠檢測(2505.0分鐘)
2025-06-10 09:30:00+00:00,2025-06-10 09:45:00+00:00,15.0,19.9,0.0,19.9,100.0,send_notification,keep_on,0.6755254100400774,0.47271088534916744,0.8,True,"長時間低功率修正(功率19.9W, 2550.0分鐘)"
2025-06-10 10:30:00+00:00,2025-06-10 11:30:00+00:00,60.0,17.7,0.0,17.7,100.0,send_notification,keep_on,0.4407191549389316,0.5245126631711041,0.8,True,時間感知休眠檢測(2610.0分鐘)
2025-06-10 11:45:00+00:00,2025-06-10 12:00:00+00:00,15.0,16.8,0.0,16.8,100.0,send_notification,send_notification,0.07374198665067119,0.5045870958262587,0.8,True,時間感知休眠檢測(2685.0分鐘)
2025-06-10 12:15:00+00:00,2025-06-10 12:45:00+00:00,30.0,17.299999999999997,0.0,17.299999999999997,100.0,send_notification,keep_on,0.95,0.4858304930765934,0.8,True,時間感知休眠檢測(2715.0分鐘)
2025-06-10 14:00:00+00:00,2025-06-10 14:45:00+00:00,45.0,17.7,0.0,17.7,100.0,send_notification,send_notification,0.16531700695491672,0.5370769064280407,0.8,True,時間感知休眠檢測(2820.0分鐘)
2025-06-10 15:30:00+00:00,2025-06-10 16:00:00+00:00,30.0,19.15,0.0,19.15,100.0,send_notification,keep_on,0.7415726684872461,0.5161447513597478,0.7040539354405726,True,"長時間低功率修正(功率19.1W, 2910.0分鐘)"
2025-06-10 16:15:00+00:00,2025-06-11 04:45:00+00:00,750.0,18.0390243902439,0.0,18.0390243902439,100.0,send_notification,keep_on,0.6429147212477703,0.5198835154580586,0.7105879690091872,True,"長時間低功率修正(功率18.0W, 2955.0分鐘)"
2025-06-11 05:00:00+00:00,2025-06-11 09:30:00+00:00,270.0,18.346666666666668,0.0,18.346666666666668,100.0,send_notification,keep_on,0.7165660261018583,0.2955303798939517,0.1,True,"長時間低功率修正(功率18.3W, 3720.0分鐘)"
2025-06-11 10:00:00+00:00,2025-06-11 10:30:00+00:00,30.0,16.75,0.0,16.75,100.0,send_notification,keep_on,0.8741656431441643,0.49739771945958955,0.8,True,時間感知休眠檢測(4020.0分鐘)
2025-06-11 11:00:00+00:00,2025-06-11 11:30:00+00:00,30.0,18.95,0.0,18.95,100.0,send_notification,send_notification,0.2156793467969851,0.5071720993687256,0.8,False,濾波完成
2025-06-11 11:45:00+00:00,2025-06-11 12:00:00+00:00,15.0,18.3,0.0,18.3,100.0,send_notification,send_notification,0.1916296891913157,0.5045870958262587,0.8,False,濾波完成
2025-06-11 12:15:00+00:00,2025-06-11 12:30:00+00:00,15.0,16.0,0.0,16.0,100.0,send_notification,keep_on,0.7401618906437282,0.4858304930765934,0.8,True,時間感知休眠檢測(4155.0分鐘)
2025-06-11 13:15:00+00:00,2025-06-11 13:30:00+00:00,15.0,17.5,0.0,17.5,100.0,send_notification,keep_on,0.7630172927158168,0.5076541534639517,0.8,True,時間感知休眠檢測(4215.0分鐘)
2025-06-11 13:45:00+00:00,2025-06-11 14:15:00+00:00,30.0,16.85,0.0,16.85,100.0,send_notification,keep_on,0.483985874028684,0.5150376607228753,0.8,True,時間感知休眠檢測(4245.0分鐘)
2025-06-11 15:00:00+00:00,2025-06-11 15:15:00+00:00,15.0,17.6,0.0,17.6,100.0,send_notification,keep_on,0.37890530621611385,0.4890021430418968,0.7017461485528944,True,時間感知休眠檢測(4320.0分鐘)
2025-06-11 15:45:00+00:00,2025-06-11 16:00:00+00:00,15.0,19.2,0.0,19.2,100.0,send_notification,keep_on,0.8258739329196028,0.5131031893923172,0.715141007936003,True,"長時間低功率修正(功率19.2W, 4365.0分鐘)"
2025-06-11 16:15:00+00:00,2025-06-12 08:00:00+00:00,945.0,18.075,0.0,18.075,100.0,send_notification,keep_on,0.5118228460532763,0.5198835154580586,0.7105879690091872,True,"長時間低功率修正(功率18.1W, 4395.0分鐘)"
2025-06-12 08:15:00+00:00,2025-06-12 09:00:00+00:00,45.0,19.2,0.0,19.2,100.0,send_notification,suggest_shutdown,0.09150592828263476,0.42777704693367136,0.3370856194005721,True,濾波完成
2025-06-12 09:30:00+00:00,2025-06-12 10:30:00+00:00,60.0,18.575,0.0,18.575,100.0,send_notification,keep_on,0.7722589026786569,0.47271088534916744,0.8,True,"長時間低功率修正(功率18.6W, 5430.0分鐘)"
2025-06-12 10:45:00+00:00,2025-06-12 11:00:00+00:00,15.0,18.2,0.0,18.2,100.0,send_notification,keep_on,0.7587628317753309,0.5101304054295696,0.8,True,"長時間低功率修正(功率18.2W, 5505.0分鐘)"
2025-06-12 12:00:00+00:00,2025-06-12 12:15:00+00:00,15.0,19.5,0.0,19.5,100.0,send_notification,keep_on,0.9156687625318709,0.5157553837536566,0.8,True,"長時間低功率修正(功率19.5W, 5580.0分鐘)"
2025-06-12 12:45:00+00:00,2025-06-12 14:00:00+00:00,75.0,18.7,0.0,18.7,100.0,send_notification,keep_on,0.9062102507631277,0.5137544824748767,0.8,True,"長時間低功率修正(功率18.7W, 5625.0分鐘)"
2025-06-12 14:45:00+00:00,2025-06-12 15:00:00+00:00,15.0,16.5,0.0,16.5,100.0,send_notification,keep_on,0.6775964230524488,0.5241174136417242,0.8,True,時間感知休眠檢測(5745.0分鐘)
2025-06-12 15:15:00+00:00,2025-06-12 16:15:00+00:00,60.0,17.7,0.0,17.7,100.0,send_notification,send_notification,0.3282706932456053,0.49095070464530255,0.6838195395134367,True,時間感知休眠檢測(5775.0分鐘)
2025-06-12 16:45:00+00:00,2025-06-13 08:45:00+00:00,960.0,17.92982456140351,0.0,17.92982456140351,100.0,send_notification,send_notification,0.23853149820343714,0.46380388333130007,0.6993724443483792,True,時間感知休眠檢測(5865.0分鐘)
2025-06-13 09:15:00+00:00,2025-06-13 09:30:00+00:00,15.0,19.9,0.0,19.9,100.0,send_notification,send_notification,0.2141351492500311,0.494413121779511,0.8,False,濾波完成
2025-06-13 10:00:00+00:00,2025-06-13 10:15:00+00:00,15.0,16.5,0.0,16.5,100.0,send_notification,keep_on,0.9259655088344309,0.49739771945958955,0.8,True,時間感知休眠檢測(6900.0分鐘)
2025-06-13 12:00:00+00:00,2025-06-13 12:45:00+00:00,45.0,18.133333333333336,0.0,18.133333333333336,100.0,send_notification,keep_on,0.544571528591595,0.5157553837536566,0.8,True,"長時間低功率修正(功率18.1W, 7020.0分鐘)"
2025-06-13 14:30:00+00:00,2025-06-13 15:15:00+00:00,45.0,19.7,0.0,19.7,100.0,send_notification,keep_on,0.5187833055876412,0.4889647072847506,0.8,True,"長時間低功率修正(功率19.7W, 7170.0分鐘)"
2025-06-13 16:00:00+00:00,2025-06-14 10:00:00+00:00,1080.0,17.704918032786885,0.0,17.704918032786885,100.0,send_notification,keep_on,0.49251988714722916,0.5161373391281321,0.706770850040387,True,時間感知休眠檢測(7260.0分鐘)
2025-06-14 10:15:00+00:00,2025-06-14 11:00:00+00:00,45.0,30.3,15.89211535573602,14.40788464426398,47.55077440351149,delay_decision,send_notification,0.5142829991902744,0.5174508900932034,0.5850310568748213,True,功率不穩定
2025-06-14 11:15:00+00:00,2025-06-14 11:45:00+00:00,30.0,20.95,9.650151309092594,11.299848690907405,53.937225254927945,delay_decision,keep_on,0.8763573001055569,0.48638607716643734,0.673626901580797,True,功率不穩定
2025-06-14 12:15:00+00:00,2025-06-14 13:15:00+00:00,60.0,20.925,15.27746797499382,5.64753202500618,26.989400358452475,delay_decision,send_notification,0.06559606437125998,0.4588603399646961,0.7186072942906553,True,功率不穩定
2025-06-14 13:30:00+00:00,2025-06-14 14:00:00+00:00,30.0,16.0,7.915739949756222,8.084260050243778,50.52662531402361,delay_decision,send_notification,0.590698455890451,0.511542363677764,0.5635149818255711,True,狀態持續時間不足
2025-06-14 14:30:00+00:00,2025-06-14 15:00:00+00:00,30.0,35.099999999999994,17.619447368733734,17.48055263126626,49.80214424862183,delay_decision,send_notification,0.6567420627914251,0.5163156287857065,0.6347396624673031,True,狀態持續時間不足
2025-06-14 15:15:00+00:00,2025-06-14 16:15:00+00:00,60.0,17.925,0.0,17.925,100.0,suggest_shutdown,send_notification,0.4927910080074498,0.5179301609877203,0.33621639966768846,True,休眠模式中的功率震盪
2025-06-14 16:45:00+00:00,2025-06-15 11:15:00+00:00,1110.0,16.60615384615385,0.0,16.60615384615385,100.0,suggest_shutdown,delay_decision,0.4249928149925125,0.4239464601468372,0.2963988653519706,True,時間感知休眠檢測(90.0分鐘)
2025-06-15 11:30:00+00:00,2025-06-16 08:45:00+00:00,1275.0,19.14,0.0,19.14,100.0,send_notification,keep_on,0.8086061884800287,0.5345767931875073,0.6220681780303304,True,"長時間低功率修正(功率19.1W, 1215.0分鐘)"
2025-06-16 09:00:00+00:00,2025-06-16 09:15:00+00:00,15.0,35.9,24.430374709275316,11.469625290724682,31.948816965806913,delay_decision,keep_on,0.36536225027992414,0.4329316485803065,0.8,True,功率不穩定
2025-06-16 09:45:00+00:00,2025-06-16 10:00:00+00:00,15.0,17.5,0.0,17.5,100.0,suggest_shutdown,keep_on,0.7457585156549743,0.5066970991855508,0.8,True,休眠模式中的功率震盪
2025-06-16 11:00:00+00:00,2025-06-16 14:30:00+00:00,210.0,17.963636363636365,0.0,17.963636363636365,100.0,send_notification,keep_on,0.8139081927070098,0.5071720993687256,0.8,True,時間感知休眠檢測(75.0分鐘)
2025-06-16 15:00:00+00:00,2025-06-16 15:15:00+00:00,15.0,23.6,14.120466794527344,9.479533205472658,40.16751358251126,delay_decision,keep_on,0.4522431744456712,0.4890021430418968,0.7017461485528944,True,功率不穩定
2025-06-16 15:30:00+00:00,2025-06-16 16:00:00+00:00,30.0,16.6,8.691639346000237,7.908360653999765,47.64072683132388,delay_decision,keep_on,0.6772847236051448,0.5161447513597478,0.7040539354405726,True,狀態持續時間不足
2025-06-16 16:15:00+00:00,2025-06-17 08:15:00+00:00,960.0,17.81578947368421,0.0,17.81578947368421,100.0,send_notification,keep_on,0.5176598947459542,0.5198835154580586,0.7105879690091872,True,時間感知休眠檢測(45.0分鐘)
2025-06-17 09:15:00+00:00,2025-06-17 09:30:00+00:00,15.0,16.5,0.0,16.5,100.0,send_notification,keep_on,0.7939620461316967,0.494413121779511,0.8,True,時間感知休眠檢測(1065.0分鐘)
2025-06-17 12:00:00+00:00,2025-06-17 12:15:00+00:00,15.0,18.7,0.0,18.7,100.0,suggest_shutdown,send_notification,0.1027376190169377,0.5157553837536566,0.8,True,休眠模式中的功率震盪
2025-06-17 12:45:00+00:00,2025-06-17 14:30:00+00:00,105.0,17.7,0.0,17.7,100.0,send_notification,keep_on,0.7343865946925054,0.5137544824748767,0.8,True,時間感知休眠檢測(1275.0分鐘)
2025-06-17 15:30:00+00:00,2025-06-17 15:45:00+00:00,15.0,18.2,0.0,18.2,100.0,send_notification,keep_on,0.7497007090698179,0.5161447513597478,0.7040539354405726,True,"長時間低功率修正(功率18.2W, 1440.0分鐘)"
2025-06-17 16:15:00+00:00,2025-06-17 16:30:00+00:00,15.0,16.0,0.0,16.0,100.0,send_notification,keep_on,0.7171604602850832,0.5198835154580586,0.7105879690091872,True,時間感知休眠檢測(1485.0分鐘)
2025-06-17 17:00:00+00:00,2025-06-18 08:00:00+00:00,900.0,18.422222222222224,0.0,18.422222222222224,100.0,send_notification,keep_on,0.6752658429231453,0.4268202816779396,0.7470426950822963,True,"長時間低功率修正(功率18.4W, 1530.0分鐘)"
2025-06-18 08:45:00+00:00,2025-06-18 10:45:00+00:00,120.0,19.55,0.0,19.55,100.0,send_notification,keep_on,0.7675699595246,0.5316534483903702,0.45048581661727294,True,"長時間低功率修正(功率19.6W, 2475.0分鐘)"
2025-06-18 12:00:00+00:00,2025-06-18 12:30:00+00:00,30.0,17.5,0.0,17.5,100.0,send_notification,keep_on,0.62146388711015,0.5157553837536566,0.8,True,時間感知休眠檢測(2670.0分鐘)
2025-06-18 13:15:00+00:00,2025-06-18 14:00:00+00:00,45.0,18.76666666666667,0.0,18.76666666666667,100.0,send_notification,send_notification,0.24287352426977132,0.5076541534639517,0.8,False,濾波完成
2025-06-18 14:45:00+00:00,2025-06-18 15:00:00+00:00,15.0,17.5,0.0,17.5,100.0,send_notification,keep_on,0.8617416567921642,0.5241174136417242,0.8,True,時間感知休眠檢測(2835.0分鐘)
2025-06-18 15:15:00+00:00,2025-06-18 16:00:00+00:00,45.0,16.166666666666668,0.0,16.166666666666668,100.0,send_notification,keep_on,0.4199668916025835,0.49095070464530255,0.6838195395134367,True,時間感知休眠檢測(2865.0分鐘)
2025-06-18 16:30:00+00:00,2025-06-19 09:00:00+00:00,990.0,18.515384615384615,0.0,18.515384615384615,100.0,send_notification,keep_on,0.4744529564504097,0.5045260457156743,0.6925041256590405,True,"長時間低功率修正(功率18.5W, 2940.0分鐘)"
2025-06-19 10:00:00+00:00,2025-06-19 10:15:00+00:00,15.0,35.3,20.42220431376173,14.877795686238269,42.14672998934354,delay_decision,keep_on,0.6408266135185289,0.49739771945958955,0.8,True,狀態持續時間不足
2025-06-19 11:15:00+00:00,2025-06-19 12:00:00+00:00,45.0,16.8,11.843960262555358,4.956039737444643,29.500236532408586,delay_decision,send_notification,0.2047651743652059,0.5119093767150804,0.8,True,狀態持續時間不足
2025-06-19 12:15:00+00:00,2025-06-19 12:30:00+00:00,15.0,16.7,0.0,16.7,100.0,send_notification,keep_on,0.7266908087394564,0.4858304930765934,0.8,True,時間感知休眠檢測(60.0分鐘)
2025-06-19 14:00:00+00:00,2025-06-19 14:45:00+00:00,45.0,17.0,0.0,17.0,100.0,send_notification,keep_on,0.5582177338545934,0.5370769064280407,0.8,True,時間感知休眠檢測(165.0分鐘)
2025-06-19 16:00:00+00:00,2025-06-19 16:30:00+00:00,30.0,17.05,0.0,17.05,100.0,send_notification,send_notification,0.05,0.5161373391281321,0.706770850040387,True,時間感知休眠檢測(285.0分鐘)
2025-06-19 17:00:00+00:00,2025-06-20 08:15:00+00:00,915.0,18.17962962962963,0.0,18.17962962962963,100.0,send_notification,keep_on,0.8254862944994534,0.4268202816779396,0.7470426950822963,True,"長時間低功率修正(功率18.2W, 345.0分鐘)"
2025-06-20 08:30:00+00:00,2025-06-20 09:15:00+00:00,45.0,17.6,0.0,17.6,100.0,suggest_shutdown,suggest_shutdown,0.05,0.5953198465839821,0.42101338564121527,True,時間感知休眠檢測(1275.0分鐘)
2025-06-20 10:30:00+00:00,2025-06-20 11:30:00+00:00,60.0,26.05,15.054982902616894,10.995017097383107,42.207359298975454,delay_decision,keep_on,0.6157326467947448,0.5245126631711041,0.8,True,狀態持續時間不足
2025-06-20 11:45:00+00:00,2025-06-20 12:15:00+00:00,30.0,17.15,0.0,17.15,100.0,suggest_shutdown,send_notification,0.1397944553241408,0.5045870958262587,0.8,True,休眠模式中的功率震盪
2025-06-20 12:30:00+00:00,2025-06-20 12:45:00+00:00,15.0,17.4,0.0,17.4,100.0,send_notification,keep_on,0.6260595681776537,0.4976209578634147,0.8,True,時間感知休眠檢測(45.0分鐘)
2025-06-20 14:00:00+00:00,2025-06-20 14:30:00+00:00,30.0,19.85,0.0,19.85,100.0,suggest_shutdown,send_notification,0.1766169669048595,0.5370769064280407,0.8,True,休眠模式中的功率震盪
2025-06-20 15:15:00+00:00,2025-06-20 15:45:00+00:00,30.0,17.4,0.0,17.4,100.0,send_notification,keep_on,0.8441293745662086,0.49095070464530255,0.6838195395134367,True,時間感知休眠檢測(210.0分鐘)
2025-06-20 16:00:00+00:00,2025-06-20 16:45:00+00:00,45.0,16.766666666666666,0.0,16.766666666666666,100.0,send_notification,send_notification,0.16106393790735687,0.5161373391281321,0.706770850040387,True,時間感知休眠檢測(255.0分鐘)
2025-06-20 17:00:00+00:00,2025-06-22 09:15:00+00:00,2415.0,17.83185185185185,0.0,17.83185185185185,100.0,send_notification,keep_on,0.6598892945690387,0.4268202816779396,0.7470426950822963,True,時間感知休眠檢測(315.0分鐘)
2025-06-22 09:30:00+00:00,2025-06-22 11:15:00+00:00,105.0,24.216666666666665,10.99368440513601,13.222982261530655,54.60281732221881,delay_decision,send_notification,0.5340577998698681,0.5349758830841034,0.43670482916000825,True,功率不穩定
2025-06-22 11:30:00+00:00,2025-06-22 11:45:00+00:00,15.0,21.2,10.047503598201075,11.152496401798924,52.606115102825115,delay_decision,keep_on,0.7150512809471036,0.5345767931875073,0.6220681780303304,True,功率不穩定
2025-06-22 12:00:00+00:00,2025-06-22 15:00:00+00:00,180.0,19.740000000000002,0.0,19.740000000000002,100.0,suggest_shutdown,keep_on,0.3501515565553299,0.47869397110066464,0.6629372964347408,True,休眠模式中的功率震盪
2025-06-22 15:15:00+00:00,2025-06-22 16:00:00+00:00,45.0,31.433333333333337,13.841038053355982,17.592295279977357,55.96700513248363,delay_decision,send_notification,0.46259187631865173,0.5179301609877203,0.33621639966768846,True,功率不穩定
2025-06-22 16:30:00+00:00,2025-06-23 09:00:00+00:00,990.0,17.336842105263155,0.0,17.336842105263155,100.0,suggest_shutdown,suggest_shutdown,0.2982777376563675,0.4355232358377501,0.3379774827709775,True,休眠模式中的功率震盪
2025-06-23 09:15:00+00:00,2025-06-23 10:00:00+00:00,45.0,17.6,0.0,17.6,100.0,send_notification,keep_on,0.8110359557504914,0.494413121779511,0.8,True,時間感知休眠檢測(1005.0分鐘)
2025-06-23 10:30:00+00:00,2025-06-23 12:30:00+00:00,120.0,18.862499999999997,0.0,18.862499999999997,100.0,send_notification,keep_on,0.4384120934585011,0.5245126631711041,0.8,True,"長時間低功率修正(功率18.9W, 1080.0分鐘)"
2025-06-23 14:30:00+00:00,2025-06-23 14:45:00+00:00,15.0,19.6,0.0,19.6,100.0,suggest_shutdown,send_notification,0.08787655537067228,0.4889647072847506,0.8,True,休眠模式中的功率震盪
2025-06-23 15:30:00+00:00,2025-06-24 08:00:00+00:00,990.0,18.369642857142853,0.0,18.369642857142853,100.0,send_notification,keep_on,0.9239024977248727,0.5161447513597478,0.7040539354405726,True,"長時間低功率修正(功率18.4W, 1380.0分鐘)"
2025-06-24 08:15:00+00:00,2025-06-24 10:15:00+00:00,120.0,17.9,0.0,17.9,100.0,suggest_shutdown,suggest_shutdown,0.10756059549455539,0.42777704693367136,0.3370856194005721,True,時間感知休眠檢測(2385.0分鐘)
2025-06-24 11:00:00+00:00,2025-06-24 11:45:00+00:00,45.0,17.25,0.0,17.25,100.0,send_notification,send_notification,0.20053539601226758,0.5071720993687256,0.8,True,時間感知休眠檢測(2550.0分鐘)
2025-06-24 12:15:00+00:00,2025-06-24 15:30:00+00:00,195.0,18.441666666666666,0.0,18.441666666666666,100.0,send_notification,keep_on,0.5439247209663969,0.4858304930765934,0.8,True,"長時間低功率修正(功率18.4W, 2625.0分鐘)"
2025-06-24 16:00:00+00:00,2025-06-24 16:30:00+00:00,30.0,16.9,0.0,16.9,100.0,send_notification,keep_on,0.6993139406095484,0.5161373391281321,0.706770850040387,True,時間感知休眠檢測(2850.0分鐘)
2025-06-24 16:45:00+00:00,2025-06-25 09:15:00+00:00,990.0,17.945454545454545,0.0,17.945454545454545,100.0,send_notification,keep_on,0.9070905777486075,0.46380388333130007,0.6993724443483792,True,時間感知休眠檢測(2895.0分鐘)
2025-06-25 10:15:00+00:00,2025-06-25 11:00:00+00:00,45.0,19.6,0.0,19.6,100.0,send_notification,keep_on,0.5453990530018227,0.4160090395556399,0.8,True,"長時間低功率修正(功率19.6W, 3945.0分鐘)"
2025-06-25 11:15:00+00:00,2025-06-25 11:45:00+00:00,30.0,16.0,0.0,16.0,100.0,send_notification,keep_on,0.95,0.5119093767150804,0.8,True,時間感知休眠檢測(4005.0分鐘)
2025-06-25 12:00:00+00:00,2025-06-25 12:30:00+00:00,30.0,17.0,0.0,17.0,100.0,send_notification,keep_on,0.574113587423536,0.5157553837536566,0.8,True,時間感知休眠檢測(4050.0分鐘)
2025-06-25 12:45:00+00:00,2025-06-25 14:15:00+00:00,90.0,17.424999999999997,0.0,17.424999999999997,100.0,send_notification,keep_on,0.6466209966020743,0.5137544824748767,0.8,True,時間感知休眠檢測(4095.0分鐘)
2025-06-25 15:15:00+00:00,2025-06-25 15:45:00+00:00,30.0,18.3,0.0,18.3,100.0,send_notification,keep_on,0.6316597733715499,0.49095070464530255,0.6838195395134367,True,"長時間低功率修正(功率18.3W, 4245.0分鐘)"
2025-06-25 16:00:00+00:00,2025-06-25 16:30:00+00:00,30.0,18.450000000000003,0.0,18.450000000000003,100.0,send_notification,keep_on,0.4469171045502704,0.5161373391281321,0.706770850040387,True,"長時間低功率修正(功率18.5W, 4290.0分鐘)"
2025-06-25 16:45:00+00:00,2025-06-26 08:15:00+00:00,930.0,18.37636363636364,0.0,18.37636363636364,100.0,send_notification,keep_on,0.5602733215597764,0.46380388333130007,0.6993724443483792,True,"長時間低功率修正(功率18.4W, 4335.0分鐘)"
2025-06-26 08:30:00+00:00,2025-06-26 08:45:00+00:00,15.0,17.8,0.0,17.8,100.0,suggest_shutdown,suggest_shutdown,0.08681906459474847,0.5953198465839821,0.42101338564121527,True,時間感知休眠檢測(5280.0分鐘)
2025-06-26 09:15:00+00:00,2025-06-26 09:45:00+00:00,30.0,26.549999999999997,14.910783741065288,11.63921625893471,43.838855965855785,delay_decision,keep_on,0.7002154104156819,0.494413121779511,0.8,True,功率不穩定
2025-06-26 10:30:00+00:00,2025-06-26 10:45:00+00:00,15.0,16.0,9.57387022802553,6.42612977197447,40.163311074840436,delay_decision,keep_on,0.5475977059902438,0.5245126631711041,0.8,True,狀態持續時間不足
2025-06-26 12:00:00+00:00,2025-06-26 12:30:00+00:00,30.0,19.45,0.0,19.45,100.0,send_notification,keep_on,0.4921513117112223,0.5157553837536566,0.8,True,"長時間低功率修正(功率19.4W, 90.0分鐘)"
2025-06-26 12:45:00+00:00,2025-06-26 13:00:00+00:00,15.0,20.2,11.683294778689241,8.516705221310758,42.16190703619188,delay_decision,keep_on,0.6249757520648523,0.5137544824748767,0.8,True,功率不穩定
2025-06-26 13:15:00+00:00,2025-06-26 13:30:00+00:00,15.0,20.2,11.444232435059165,8.755767564940834,43.345383984855616,delay_decision,keep_on,0.6705253126979024,0.5076541534639517,0.8,True,功率不穩定
2025-06-26 14:00:00+00:00,2025-06-26 14:15:00+00:00,15.0,16.0,0.0,16.0,100.0,suggest_shutdown,keep_on,0.45130491969373465,0.5370769064280407,0.8,True,濾波完成
2025-06-26 14:45:00+00:00,2025-06-26 15:00:00+00:00,15.0,17.5,0.0,17.5,100.0,send_notification,keep_on,0.7330444122088948,0.5241174136417242,0.8,True,時間感知休眠檢測(45.0分鐘)
2025-06-26 16:15:00+00:00,2025-06-26 16:30:00+00:00,15.0,20.2,0.0,20.2,100.0,suggest_shutdown,keep_on,0.8169755119190323,0.5198835154580586,0.7105879690091872,True,濾波完成
2025-06-26 16:45:00+00:00,2025-06-27 08:00:00+00:00,915.0,18.394230769230766,0.0,18.394230769230766,100.0,suggest_shutdown,keep_on,0.8604565414782108,0.46380388333130007,0.6993724443483792,True,濾波完成
2025-06-27 08:15:00+00:00,2025-06-27 09:00:00+00:00,45.0,18.400000000000002,0.0,18.400000000000002,100.0,suggest_shutdown,suggest_shutdown,0.1938878287262129,0.42777704693367136,0.3370856194005721,False,濾波完成
2025-06-27 10:15:00+00:00,2025-06-27 11:15:00+00:00,60.0,17.875,0.0,17.875,100.0,send_notification,send_notification,0.2111895554589084,0.4160090395556399,0.8,True,時間感知休眠檢測(1050.0分鐘)
2025-06-27 13:45:00+00:00,2025-06-27 14:00:00+00:00,15.0,16.0,0.0,16.0,100.0,send_notification,keep_on,0.53489788701194,0.5150376607228753,0.8,True,時間感知休眠檢測(1260.0分鐘)
2025-06-27 15:00:00+00:00,2025-06-27 16:00:00+00:00,60.0,18.066666666666666,0.0,18.066666666666666,100.0,send_notification,keep_on,0.5634330612129719,0.4890021430418968,0.7017461485528944,True,"長時間低功率修正(功率18.1W, 1335.0分鐘)"
2025-06-27 17:00:00+00:00,2025-06-28 08:45:00+00:00,945.0,17.155357142857145,0.0,17.155357142857145,100.0,send_notification,keep_on,0.8374726928921644,0.4268202816779396,0.7470426950822963,True,時間感知休眠檢測(1455.0分鐘)
2025-06-28 09:30:00+00:00,2025-06-28 10:15:00+00:00,45.0,33.1,13.94120925087536,19.15879074912464,57.881543048714924,delay_decision,send_notification,0.6433486574197383,0.5349758830841034,0.43670482916000825,True,狀態持續時間不足
2025-06-28 10:30:00+00:00,2025-06-28 11:00:00+00:00,30.0,27.8,19.530681333916075,8.269318666083926,29.74575059742419,delay_decision,send_notification,0.05,0.5082752848557153,0.6750626987061819,True,功率不穩定
2025-06-28 11:15:00+00:00,2025-06-28 12:30:00+00:00,75.0,22.64,14.06005260937825,8.57994739062175,37.897294128187944,delay_decision,keep_on,0.34169292921422345,0.48638607716643734,0.673626901580797,True,功率不穩定
2025-06-28 13:00:00+00:00,2025-06-28 14:30:00+00:00,90.0,16.0,7.4398034111050295,8.560196588894971,53.50122868059357,delay_decision,keep_on,0.7361212441207784,0.49505262146731355,0.5858496821762298,True,狀態持續時間不足
2025-06-28 14:45:00+00:00,2025-06-28 15:45:00+00:00,60.0,26.925,9.859252536488466,17.065747463511535,63.3825346834226,delay_decision,keep_on,0.9483410757812604,0.5173551176709832,0.5147087780036177,True,狀態持續時間不足
2025-06-28 16:00:00+00:00,2025-06-29 10:00:00+00:00,1080.0,16.0,5.343372500914189,10.656627499085811,66.60392186928632,delay_decision,keep_on,0.8823403333749622,0.46838248526107906,0.3479440672448729,True,狀態持續時間不足
2025-06-29 10:30:00+00:00,2025-06-29 11:00:00+00:00,30.0,33.0,19.690807863975746,13.309192136024254,40.33088526067956,delay_decision,keep_on,0.4028378221085126,0.5082752848557153,0.6750626987061819,True,狀態持續時間不足
2025-06-29 11:15:00+00:00,2025-06-29 16:45:00+00:00,330.0,23.288888888888888,10.21299143292316,13.075897455965729,56.14650625176124,delay_decision,keep_on,0.95,0.48638607716643734,0.673626901580797,True,功率不穩定
2025-06-29 17:00:00+00:00,2025-06-30 08:45:00+00:00,945.0,17.745454545454546,0.0,17.745454545454546,100.0,suggest_shutdown,suggest_shutdown,0.19732574188523985,0.45340268236174674,0.28819498516788444,True,休眠模式中的功率震盪
2025-06-30 09:15:00+00:00,2025-06-30 09:45:00+00:00,30.0,20.1,12.538683128201503,7.561316871798498,37.61849189949501,delay_decision,keep_on,0.4928699415369894,0.494413121779511,0.8,True,功率不穩定
2025-06-30 10:00:00+00:00,2025-06-30 11:00:00+00:00,60.0,18.866666666666667,0.0,18.866666666666667,100.0,suggest_shutdown,keep_on,0.841248907166202,0.49739771945958955,0.8,True,休眠模式中的功率震盪
2025-06-30 11:45:00+00:00,2025-06-30 12:00:00+00:00,15.0,16.0,0.0,16.0,100.0,send_notification,keep_on,0.5834092277450165,0.5045870958262587,0.8,True,時間感知休眠檢測(105.0分鐘)
2025-06-30 13:00:00+00:00,2025-06-30 14:15:00+00:00,75.0,17.9,0.0,17.9,100.0,send_notification,send_notification,0.29236588736791114,0.5173762433294118,0.8,True,時間感知休眠檢測(180.0分鐘)
2025-06-30 14:45:00+00:00,2025-06-30 15:00:00+00:00,15.0,20.0,0.0,20.0,100.0,send_notification,send_notification,0.23243531937618056,0.5241174136417242,0.8,False,濾波完成
2025-06-30 15:15:00+00:00,2025-06-30 17:15:00+00:00,120.0,18.385714285714283,18.017999999999997,0.36771428571428544,1.9999999999999991,keep_on,keep_on,0.7031942212758524,0.49095070464530255,0.6838195395134367,False,濾波完成
2025-06-30 17:30:00+00:00,2025-06-30 19:45:00+00:00,135.0,17.900000000000002,0.0,17.900000000000002,100.0,send_notification,keep_on,0.6124343978292188,0.417465317335947,0.7044500598687377,True,時間感知休眠檢測(135.0分鐘)
2025-06-30 20:00:00+00:00,2025-07-01 09:45:00+00:00,825.0,18.20612244897959,0.0,18.20612244897959,100.0,send_notification,keep_on,0.95,0.2955303798939517,0.5227986365565467,True,"長時間低功率修正(功率18.2W, 285.0分鐘)"
2025-07-01 10:30:00+00:00,2025-07-01 11:30:00+00:00,60.0,18.599999999999998,0.0,18.599999999999998,100.0,send_notification,keep_on,0.543055661675056,0.5245126631711041,0.8,True,"長時間低功率修正(功率18.6W, 1155.0分鐘)"
2025-07-01 12:00:00+00:00,2025-07-01 12:15:00+00:00,15.0,18.0,0.0,18.0,100.0,send_notification,keep_on,0.3612635692411447,0.5157553837536566,0.8,True,"長時間低功率修正(功率18.0W, 1245.0分鐘)"
2025-07-01 13:00:00+00:00,2025-07-01 13:30:00+00:00,30.0,22.35,0.0,22.35,100.0,send_notification,send_notification,0.05,0.5173762433294118,0.8,False,濾波完成
2025-07-01 14:15:00+00:00,2025-07-01 15:00:00+00:00,45.0,18.450000000000003,18.081000000000003,0.3689999999999998,1.9999999999999982,keep_on,keep_on,0.3396338207548649,0.5028265221244578,0.8,False,濾波完成
2025-07-01 16:45:00+00:00,2025-07-02 08:45:00+00:00,960.0,18.156140350877195,0.0,18.156140350877195,100.0,send_notification,send_notification,0.16808427402629195,0.46380388333130007,0.6993724443483792,False,濾波完成
2025-07-02 09:00:00+00:00,2025-07-02 09:15:00+00:00,15.0,18.3,0.0,18.3,100.0,send_notification,send_notification,0.23093179742164854,0.4329316485803065,0.8,False,濾波完成
2025-07-02 09:30:00+00:00,2025-07-02 10:15:00+00:00,45.0,17.866666666666667,0.0,17.866666666666667,100.0,send_notification,keep_on,0.8047160299610587,0.47271088534916744,0.8,True,時間感知休眠檢測(1155.0分鐘)
2025-07-02 10:30:00+00:00,2025-07-02 11:30:00+00:00,60.0,18.700000000000003,0.0,18.700000000000003,100.0,send_notification,keep_on,0.6119699375985108,0.5245126631711041,0.8,True,"長時間低功率修正(功率18.7W, 1215.0分鐘)"
2025-07-02 13:00:00+00:00,2025-07-02 13:15:00+00:00,15.0,21.0,20.58,0.4200000000000017,2.000000000000008,keep_on,keep_on,0.8368006322077134,0.5173762433294118,0.8,False,濾波完成
2025-07-02 13:30:00+00:00,2025-07-02 16:15:00+00:00,165.0,18.075,0.0,18.075,100.0,send_notification,send_notification,0.05,0.5084843211717069,0.8,False,濾波完成
2025-07-02 16:30:00+00:00,2025-07-03 02:30:00+00:00,600.0,17.978787878787877,0.0,17.978787878787877,100.0,send_notification,keep_on,0.95,0.5045260457156743,0.6925041256590405,True,時間感知休眠檢測(180.0分鐘)
2025-07-03 02:45:00+00:00,2025-07-03 09:00:00+00:00,375.0,18.048000000000002,0.0,18.048000000000002,100.0,send_notification,suggest_shutdown,0.05,0.4089196279262684,0.1,True,濾波完成
2025-07-03 09:45:00+00:00,2025-07-03 10:15:00+00:00,30.0,18.0,0.0,18.0,100.0,send_notification,keep_on,0.7095957852910584,0.5066970991855508,0.8,True,"長時間低功率修正(功率18.0W, 1215.0分鐘)"
2025-07-03 10:30:00+00:00,2025-07-03 11:00:00+00:00,30.0,16.0,0.0,16.0,100.0,send_notification,keep_on,0.7404660699564773,0.5245126631711041,0.8,True,時間感知休眠檢測(1260.0分鐘)
2025-07-03 11:30:00+00:00,2025-07-03 12:30:00+00:00,60.0,20.5,0.0,20.5,100.0,send_notification,send_notification,0.150683451116616,0.47996764135006786,0.8,False,濾波完成
2025-07-03 15:00:00+00:00,2025-07-03 16:15:00+00:00,75.0,18.439999999999998,18.071199999999997,0.36880000000000024,2.0000000000000013,keep_on,keep_on,0.3659141726300843,0.4890021430418968,0.7017461485528944,False,濾波完成
2025-07-03 16:30:00+00:00,2025-07-04 08:45:00+00:00,975.0,18.084313725490194,0.0,18.084313725490194,100.0,send_notification,keep_on,0.8507774309970568,0.5045260457156743,0.6925041256590405,True,"長時間低功率修正(功率18.1W, 90.0分鐘)"
2025-07-04 10:30:00+00:00,2025-07-04 10:45:00+00:00,15.0,17.2,0.0,17.2,100.0,send_notification,keep_on,0.8201955085491424,0.5245126631711041,0.8,True,時間感知休眠檢測(1170.0分鐘)
2025-07-04 11:00:00+00:00,2025-07-04 13:00:00+00:00,120.0,18.7,0.0,18.7,100.0,send_notification,keep_on,0.9317740807768584,0.5071720993687256,0.8,True,"長時間低功率修正(功率18.7W, 1200.0分鐘)"
2025-07-04 13:30:00+00:00,2025-07-04 13:45:00+00:00,15.0,19.2,0.0,19.2,100.0,send_notification,keep_on,0.4897463587819663,0.5084843211717069,0.8,True,"長時間低功率修正(功率19.2W, 1350.0分鐘)"
2025-07-04 14:00:00+00:00,2025-07-04 14:45:00+00:00,45.0,17.25,0.0,17.25,100.0,send_notification,send_notification,0.2922587072154532,0.5370769064280407,0.8,True,時間感知休眠檢測(1380.0分鐘)
2025-07-04 15:45:00+00:00,2025-07-04 16:00:00+00:00,15.0,17.4,0.0,17.4,100.0,send_notification,keep_on,0.7696664858590182,0.5131031893923172,0.715141007936003,True,時間感知休眠檢測(1485.0分鐘)
2025-07-04 16:45:00+00:00,2025-07-05 09:15:00+00:00,990.0,16.771929824561404,0.0,16.771929824561404,100.0,send_notification,keep_on,0.6520857659281052,0.46380388333130007,0.6993724443483792,True,時間感知休眠檢測(1545.0分鐘)
2025-07-05 09:30:00+00:00,2025-07-05 13:15:00+00:00,225.0,22.478571428571428,13.013679478976488,9.46489194959494,42.1062876689956,delay_decision,suggest_shutdown,0.11750681142909408,0.5349758830841034,0.43670482916000825,True,功率不穩定
2025-07-05 14:00:00+00:00,2025-07-05 14:15:00+00:00,15.0,31.3,12.874492729761593,18.425507270238406,58.867435368173815,delay_decision,keep_on,0.8352939686920563,0.5348094897873452,0.5558917096552054,True,功率不穩定
2025-07-05 14:30:00+00:00,2025-07-05 14:45:00+00:00,15.0,16.0,7.974279283413038,8.025720716586962,50.160754478668515,delay_decision,keep_on,0.6686957371263147,0.5163156287857065,0.6347396624673031,True,狀態持續時間不足
2025-07-05 15:00:00+00:00,2025-07-06 08:30:00+00:00,1050.0,17.136666666666667,0.0,17.136666666666667,100.0,suggest_shutdown,suggest_shutdown,0.28312549817838434,0.512141116288588,0.2586758214743734,True,時間感知休眠檢測(30.0分鐘)
2025-07-06 08:45:00+00:00,2025-07-06 09:00:00+00:00,15.0,16.0,0.0,16.0,100.0,suggest_shutdown,suggest_shutdown,0.3186155787068685,0.41568495124818394,0.1,True,時間感知休眠檢測(1095.0分鐘)
2025-07-06 09:30:00+00:00,2025-07-06 11:15:00+00:00,105.0,27.53333333333333,12.537064499950924,14.996268833382407,54.46586743359229,delay_decision,send_notification,0.529492803582317,0.5349758830841034,0.43670482916000825,True,狀態持續時間不足
2025-07-06 11:30:00+00:00,2025-07-06 14:15:00+00:00,165.0,18.618181818181817,0.0,18.618181818181817,100.0,suggest_shutdown,suggest_shutdown,0.1419372580661025,0.5345767931875073,0.6220681780303304,True,休眠模式中的功率震盪
2025-07-06 15:00:00+00:00,2025-07-07 08:30:00+00:00,1050.0,17.77857142857143,0.0,17.77857142857143,100.0,suggest_shutdown,delay_decision,0.5978326858694445,0.512141116288588,0.2586758214743734,True,時間感知休眠檢測(210.0分鐘)
2025-07-07 08:45:00+00:00,2025-07-07 09:30:00+00:00,45.0,17.3,0.0,17.3,100.0,suggest_shutdown,send_notification,0.3969899224187052,0.5316534483903702,0.45048581661727294,True,時間感知休眠檢測(1275.0分鐘)
2025-07-07 09:45:00+00:00,2025-07-07 10:15:00+00:00,30.0,19.7,0.0,19.7,100.0,send_notification,keep_on,0.5161110360595109,0.5066970991855508,0.8,True,"長時間低功率修正(功率19.7W, 1335.0分鐘)"
2025-07-07 11:15:00+00:00,2025-07-07 11:30:00+00:00,15.0,19.9,0.0,19.9,100.0,send_notification,keep_on,0.3575805183296209,0.5119093767150804,0.8,True,"長時間低功率修正(功率19.9W, 1425.0分鐘)"
2025-07-07 11:45:00+00:00,2025-07-07 13:30:00+00:00,105.0,18.5,0.0,18.5,100.0,send_notification,keep_on,0.4088081512692924,0.5045870958262587,0.8,True,"長時間低功率修正(功率18.5W, 1455.0分鐘)"
2025-07-07 18:00:00+00:00,2025-07-08 08:30:00+00:00,870.0,17.82,0.0,17.82,100.0,suggest_shutdown,keep_on,0.82122622329629,0.4087119036120675,0.46764999611894353,True,時間感知休眠檢測(1830.0分鐘)
2025-07-08 08:45:00+00:00,2025-07-08 09:15:00+00:00,30.0,19.0,0.0,19.0,100.0,send_notification,suggest_shutdown,0.3226893259427412,0.5316534483903702,0.45048581661727294,True,濾波完成
2025-07-08 17:15:00+00:00,2025-07-09 08:45:00+00:00,930.0,17.129310344827587,0.0,17.129310344827587,100.0,send_notification,keep_on,0.6486968364743383,0.426745784017186,0.737467080424166,True,時間感知休眠檢測(3225.0分鐘)
2025-07-09 16:15:00+00:00,2025-07-10 09:00:00+00:00,1005.0,17.333333333333332,0.0,17.333333333333332,100.0,send_notification,keep_on,0.42664569183357415,0.5198835154580586,0.7105879690091872,True,時間感知休眠檢測(4605.0分鐘)
2025-07-10 17:00:00+00:00,2025-07-11 08:45:00+00:00,945.0,17.404761904761905,0.0,17.404761904761905,100.0,send_notification,keep_on,0.95,0.4268202816779396,0.7470426950822963,True,時間感知休眠檢測(6090.0分鐘)
2025-07-11 16:15:00+00:00,2025-07-14 08:45:00+00:00,3870.0,17.374429223744293,0.0,17.374429223744293,100.0,send_notification,send_notification,0.23270978118317903,0.5198835154580586,0.7105879690091872,True,時間感知休眠檢測(7485.0分鐘)
2025-07-14 16:15:00+00:00,2025-07-15 08:30:00+00:00,975.0,17.296875,0.0,17.296875,100.0,send_notification,keep_on,0.5797004230452403,0.5198835154580586,0.7105879690091872,True,時間感知休眠檢測(11805.0分鐘)
2025-07-15 15:45:00+00:00,2025-07-16 08:45:00+00:00,1020.0,17.24561403508772,0.0,17.24561403508772,100.0,send_notification,keep_on,0.8967765429141568,0.5131031893923172,0.715141007936003,True,時間感知休眠檢測(13215.0分鐘)
2025-07-16 15:30:00+00:00,2025-07-16 15:45:00+00:00,15.0,18.0,0.0,18.0,100.0,send_notification,send_notification,0.27833007230129214,0.5161447513597478,0.7040539354405726,False,濾波完成
2025-07-16 16:15:00+00:00,2025-07-17 08:30:00+00:00,975.0,17.527272727272727,0.0,17.527272727272727,100.0,send_notification,keep_on,0.6386478108202789,0.5198835154580586,0.7105879690091872,True,時間感知休眠檢測(14685.0分鐘)
2025-07-17 11:00:00+00:00,2025-07-17 11:30:00+00:00,30.0,34.5,19.714067151294735,14.785932848705265,42.857776373058734,delay_decision,keep_on,0.6547537797332325,0.5071720993687256,0.8,True,功率不穩定
2025-07-17 12:30:00+00:00,2025-07-17 12:45:00+00:00,15.0,35.0,24.84533171049785,10.154668289502151,29.01333797000615,delay_decision,send_notification,0.2028236411367903,0.4976209578634147,0.8,True,功率不穩定
2025-07-17 13:45:00+00:00,2025-07-17 14:15:00+00:00,30.0,34.0,20.769456053458782,13.230543946541218,38.91336454865064,delay_decision,keep_on,0.5154078242321462,0.5150376607228753,0.8,True,功率不穩定
2025-07-17 17:00:00+00:00,2025-07-17 17:15:00+00:00,15.0,34.0,23.489054784025708,10.510945215974292,30.914544752865563,delay_decision,send_notification,0.2663881368606411,0.4268202816779396,0.7470426950822963,True,功率不穩定
2025-07-17 17:45:00+00:00,2025-07-18 08:30:00+00:00,885.0,17.404255319148938,0.0,17.404255319148938,100.0,suggest_shutdown,keep_on,0.4601205837515655,0.4183552749825603,0.6756932758366153,True,休眠模式中的功率震盪
2025-07-18 11:30:00+00:00,2025-07-18 11:45:00+00:00,15.0,34.0,21.658876049308596,12.341123950691404,36.297423384386484,delay_decision,keep_on,0.4632798047961486,0.47996764135006786,0.8,True,功率不穩定
2025-07-18 13:30:00+00:00,2025-07-18 13:45:00+00:00,15.0,35.0,17.191028810701827,17.808971189298173,50.88277482656621,delay_decision,keep_on,0.9209415063805004,0.5084843211717069,0.8,True,功率不穩定
2025-07-18 14:00:00+00:00,2025-07-18 14:15:00+00:00,15.0,35.0,20.773019930703242,14.226980069296758,40.64851448370502,delay_decision,keep_on,0.5512069096954602,0.5370769064280407,0.8,True,功率不穩定
2025-07-18 17:00:00+00:00,2025-07-21 08:45:00+00:00,3825.0,17.615384615384617,0.0,17.615384615384617,100.0,suggest_shutdown,send_notification,0.10691485542064176,0.4268202816779396,0.7470426950822963,True,休眠模式中的功率震盪
2025-07-21 13:15:00+00:00,2025-07-21 14:30:00+00:00,75.0,18.5,0.0,18.5,100.0,send_notification,keep_on,0.7489019836195729,0.5076541534639517,0.8,True,"長時間低功率修正(功率18.5W, 4095.0分鐘)"
2025-07-21 18:00:00+00:00,2025-07-22 08:30:00+00:00,870.0,17.604166666666668,0.0,17.604166666666668,100.0,suggest_shutdown,suggest_shutdown,0.26422928563523795,0.4087119036120675,0.46764999611894353,True,時間感知休眠檢測(4380.0分鐘)
2025-07-22 12:30:00+00:00,2025-07-22 12:45:00+00:00,15.0,35.0,25.15066990668837,9.849330093311629,28.14094312374751,delay_decision,send_notification,0.17374381292816896,0.4976209578634147,0.8,True,功率不穩定
2025-07-22 13:15:00+00:00,2025-07-22 14:00:00+00:00,45.0,20.0,9.659023492054274,10.340976507945726,51.70488253972862,delay_decision,keep_on,0.9491752645270028,0.5076541534639517,0.8,True,功率不穩定
2025-07-22 16:30:00+00:00,2025-07-23 08:30:00+00:00,960.0,17.8,0.0,17.8,100.0,suggest_shutdown,keep_on,0.6026328528470629,0.5045260457156743,0.6925041256590405,True,休眠模式中的功率震盪
2025-07-23 09:45:00+00:00,2025-07-23 10:00:00+00:00,15.0,35.0,19.12326762471406,15.87673237528594,45.36209250081697,delay_decision,keep_on,0.738705984175015,0.5066970991855508,0.8,True,功率不穩定
2025-07-23 12:30:00+00:00,2025-07-23 12:45:00+00:00,15.0,35.0,18.899898174324264,16.100101825675736,46.0002909305021,delay_decision,keep_on,0.7690554064866556,0.4976209578634147,0.8,True,功率不穩定
2025-07-23 13:15:00+00:00,2025-07-23 13:45:00+00:00,30.0,18.0,0.0,18.0,100.0,suggest_shutdown,keep_on,0.5411770922184767,0.5076541534639517,0.8,True,休眠模式中的功率震盪
2025-07-23 15:15:00+00:00,2025-07-23 15:45:00+00:00,30.0,17.5,0.0,17.5,100.0,send_notification,keep_on,0.5833376748018029,0.49095070464530255,0.6838195395134367,True,時間感知休眠檢測(120.0分鐘)
2025-07-23 16:15:00+00:00,2025-07-24 02:30:00+00:00,615.0,17.2972972972973,0.0,17.2972972972973,100.0,send_notification,keep_on,0.4212483487422739,0.5198835154580586,0.7105879690091872,True,時間感知休眠檢測(180.0分鐘)
2025-07-24 03:00:00+00:00,2025-07-24 08:30:00+00:00,330.0,17.055555555555557,0.0,17.055555555555557,100.0,suggest_shutdown,suggest_shutdown,0.05727256825285981,0.2955303798939517,0.1,True,時間感知休眠檢測(825.0分鐘)
2025-07-24 16:00:00+00:00,2025-07-25 08:45:00+00:00,1005.0,17.11864406779661,0.0,17.11864406779661,100.0,send_notification,keep_on,0.511056049866531,0.5161373391281321,0.706770850040387,True,時間感知休眠檢測(1605.0分鐘)
2025-07-25 12:45:00+00:00,2025-07-25 13:45:00+00:00,60.0,18.0,0.0,18.0,100.0,send_notification,keep_on,0.871836470382706,0.5137544824748767,0.8,True,"長時間低功率修正(功率18.0W, 2850.0分鐘)"
2025-07-25 17:00:00+00:00,2025-07-25 19:00:00+00:00,120.0,17.625,0.0,17.625,100.0,send_notification,keep_on,0.7892058962357669,0.4268202816779396,0.7470426950822963,True,時間感知休眠檢測(3105.0分鐘)
2025-07-25 19:15:00+00:00,2025-07-27 04:15:00+00:00,1980.0,17.166666666666668,0.0,17.166666666666668,100.0,suggest_shutdown,keep_on,0.7003741245597425,0.2955303798939517,0.5998563993974211,True,時間感知休眠檢測(3240.0分鐘)
2025-07-27 04:30:00+00:00,2025-07-27 15:45:00+00:00,675.0,17.170731707317074,0.0,17.170731707317074,100.0,suggest_shutdown,suggest_shutdown,0.27223655223798426,0.2955303798939517,0.1,True,時間感知休眠檢測(5235.0分鐘)
2025-07-27 16:00:00+00:00,2025-07-28 08:30:00+00:00,990.0,17.18032786885246,0.0,17.18032786885246,100.0,suggest_shutdown,keep_on,0.702890958340421,0.46838248526107906,0.3479440672448729,True,時間感知休眠檢測(5925.0分鐘)
2025-07-28 12:45:00+00:00,2025-07-28 13:15:00+00:00,30.0,19.5,0.0,19.5,100.0,send_notification,send_notification,0.10897305363529573,0.5137544824748767,0.8,False,濾波完成
